cluster_id,n_compounds,n_selected,n_nonselected,selected_fraction,jeffreys_probability,jeffreys_working_low,jeffreys_working_high,overall_selected_fraction,selection_lift,log2_selection_lift,conditional_expected_selected,conditional_lift,conditional_standardized_residual,conditional_permutation_p,conditional_bh_q,cluster_distance_median,cluster_distance_p90,n_wells_median,n_sources_median,n_plates_median
0,133,67,66,0.5037593984962406,0.503731343283582,0.41947216037700435,0.5878849878736825,0.032621563933944574,15.442527510830056,3.948836995739135,37.91138195989335,1.7672792849092036,5.850578223842718,0.0004997501249375312,0.0011845928887408148,25.050569534301758,34.56544570922851,8.0,1.0,8.0
1,1103,151,952,0.13689936536718042,0.13722826086956522,0.11757372003400335,0.15812743361897258,0.032621563933944574,4.196591115140526,2.0692179045162487,108.03637194789218,1.3976774421194922,5.218318794940324,0.0004997501249375312,0.0011845928887408148,6.0199737548828125,9.184980392456056,4.0,3.0,4.0
2,81,49,32,0.6049382716049383,0.6036585365853658,0.49633001137626503,0.7061957356385822,0.032621563933944574,18.544122312157633,4.212890082013136,14.066697480709795,3.4834046916268435,10.973880325729377,0.0004997501249375312,0.0011845928887408148,18.871726989746094,29.39883041381836,8.0,4.0,8.0
3,108,35,73,0.32407407407407407,0.3256880733944954,0.24135289901350193,0.41608250841746364,0.032621563933944574,9.934351238655875,3.31242575556405,9.668162811562423,3.620129354683863,9.750269520375497,0.0004997501249375312,0.0011845928887408148,25.66094398498535,34.23736114501953,4.5,3.0,4.5
4,1105,35,1070,0.03167420814479638,0.03209764918625678,0.022539550958569337,0.04325566142013635,0.032621563933944574,0.9709592160858229,-0.0425173965512755,23.662565715929556,1.479129542424815,2.6341581050891674,0.010494752623688156,0.018153085619352485,5.525500297546387,7.651388931274414,4.0,4.0,4.0
5,1233,0,1233,0.0,0.0004051863857374392,3.9816294404148963e-07,0.002034775161951829,0.032621563933944574,0.0,-39.86313713864835,12.73301117507565,0.0,-3.804714400544925,0.0004997501249375312,0.0011845928887408148,5.509573936462402,7.580805683135987,4.0,4.0,4.0
6,1758,96,1662,0.05460750853242321,0.05486071631608869,0.04471091830238736,0.06596870459761328,0.032621563933944574,1.6739696675180256,0.7432733863603044,69.43501295810549,1.382587773950915,3.7746378852902747,0.0004997501249375312,0.0011845928887408148,4.662428855895996,6.380211400985718,5.0,4.0,5.0
7,1286,14,1272,0.01088646967340591,0.011266511266511266,0.006252484489545759,0.017712235816511906,0.032621563933944574,0.3337200416095908,-1.5832897644877912,32.32353727338437,0.4331209137660743,-3.637473237063274,0.0004997501249375312,0.0011845928887408148,4.7063775062561035,6.394842863082886,4.0,4.0,4.0
8,1666,14,1652,0.008403361344537815,0.008698260347930415,0.004823990351466185,0.013683622154351151,0.032621563933944574,0.2576014246758306,-1.9567875225253915,48.29713941274234,0.28987224026577335,-5.396636605836584,0.0004997501249375312,0.0011845928887408148,4.340456008911133,5.841013431549072,5.0,3.0,5.0
9,1514,22,1492,0.01453104359313078,0.01485148514851485,0.009390711937086812,0.021521762018156396,0.032621563933944574,0.4454428862624336,-1.1666876305658822,35.968035732747325,0.6116541966168578,-2.6031714945140396,0.011494252873563218,0.019107329452157037,4.918335914611816,6.524374866485596,4.0,3.0,4.0
10,604,8,596,0.013245033112582781,0.014049586776859505,0.006281126666436447,0.024835624704454863,0.032621563933944574,0.40602078856190515,-1.300374498542527,5.153878670487889,1.5522290126481935,1.3438861244933988,0.22988505747126436,0.2775970505313381,6.150225639343262,8.495615482330322,4.0,4.0,4.0
11,419,9,410,0.021479713603818614,0.02261904761904762,0.010680099916265838,0.038833060699606584,0.032621563933944574,0.6584513742907269,-0.6028511914744872,3.13714293985589,2.8688523833770323,3.498101239223414,0.0029985007496251873,0.005904739937723446,7.4779486656188965,11.553256797790526,4.0,4.0,4.0
12,1614,37,1577,0.02292441140024783,0.02321981424148607,0.016452222130424025,0.03110390199172553,0.032621563933944574,0.7027379633504846,-0.5089412568662786,25.713123702993684,1.4389539142493304,2.5008230635803352,0.015492253873063468,0.025423185842975947,4.699337959289551,6.545842075347901,4.0,4.0,4.0
13,582,7,575,0.012027491408934709,0.012864493996569469,0.005395496868030602,0.02346872227246451,0.032621563933944574,0.36869757174392936,-1.4394901800681277,8.103266125752342,0.8638492049216872,-0.4312888539197315,0.697151424287856,0.7436281859070465,6.38760232925415,10.613080978393553,4.0,3.0,4.0
14,1591,8,1583,0.00502828409805154,0.005339195979899497,0.0023799634834879204,0.009465424146834094,0.032621563933944574,0.15413988453261518,-2.6976878795484955,59.163568724364836,0.1352183475826303,-7.242074075311977,0.0004997501249375312,0.0011845928887408148,3.9452314376831055,5.1739020347595215,7.0,3.0,7.0
15,613,4,609,0.0065252854812398045,0.007328990228013029,0.0022064756185283542,0.015440196234536869,0.032621563933944574,0.2000298175296825,-2.3217130229082295,6.053937038327896,0.6607270565709095,-0.8895786945137089,0.4012993503248376,0.4545691755891966,6.078946113586426,9.350937271118166,4.0,4.0,4.0
16,1563,14,1549,0.008957133717210493,0.009271099744245524,0.005142445972271137,0.0145826499402776,0.032621563933944574,0.2745770783812756,-1.8647169001595083,24.426579509899867,0.573146149845742,-2.2713868778531436,0.025487256371814093,0.03978498555600249,4.986697196960449,7.233903598785401,4.0,3.0,4.0
17,313,19,294,0.06070287539936102,0.06210191082802548,0.03819897208752727,0.09127296466034081,0.032621563933944574,1.8608205149905845,0.8959389072935192,7.198010480747703,2.639618273802006,4.912504408656308,0.0004997501249375312,0.0011845928887408148,13.42487621307373,19.927310562133794,4.0,3.0,4.0
18,1819,49,1770,0.026937877954920284,0.0271978021978022,0.02023134909603518,0.0351471724929417,0.032621563933944574,0.8257690529328027,-0.27618974275372615,32.59106397171215,1.5034796054074884,3.135067975925269,0.001999000499750125,0.004336814643525695,4.282183647155762,5.523052310943604,4.0,4.0,4.0
19,1666,3,1663,0.001800720288115246,0.0020995800839832034,0.0005074157533239851,0.0047978158420722405,0.032621563933944574,0.055200305287677984,-4.17917994386184,50.57649127287208,0.05931609576896692,-7.241769673721586,0.0004997501249375312,0.0011845928887408148,4.128976821899414,5.480485200881958,6.0,3.0,6.0
20,1625,14,1611,0.008615384615384615,0.00891758917589176,0.004945909501970104,0.014027873200852355,0.032621563933944574,0.26410090677534387,-1.920838839963023,17.31242008234855,0.8086679928864575,-0.8746931384791885,0.4292853573213393,0.4696455191207815,4.639246463775635,5.9572554588317885,4.0,4.0,4.0
21,1448,30,1418,0.020718232044198894,0.021048999309868876,0.014306040780782629,0.029041487789593107,0.032621563933944574,0.6351084848706596,-0.6549250506921349,48.25273174835858,0.6217264580262964,-2.9684354523306253,0.0029985007496251873,0.005904739937723446,4.211698532104492,5.576646900177002,5.0,3.0,5.0
22,1052,27,1025,0.025665399239543727,0.026115859449192782,0.017368387139787226,0.03656424886301325,0.032621563933944574,0.7867617656686727,-0.3460012463462817,42.83583694102538,0.630313352746498,-2.8488770914771053,0.005997001499250375,0.011124872346435477,4.546667098999023,6.110117721557617,5.0,4.0,5.0
23,1201,8,1193,0.006661115736885929,0.007071547420965058,0.0031540084710272765,0.012529394448134763,0.032621563933944574,0.20419363554653683,-2.291990194923082,15.502054661370916,0.5160606238820038,-2.072625661072618,0.0399800099950025,0.060205191521886116,4.887831687927246,6.4481964111328125,4.0,4.0,4.0
24,1543,16,1527,0.010369410239792612,0.010686528497409326,0.006183960045138745,0.01638461853384933,0.032621563933944574,0.317869807247428,-1.6534921057881828,47.17020967223105,0.3391971354627908,-5.012127831672268,0.0004997501249375312,0.0011845928887408148,4.1417083740234375,5.469242668151855,6.0,3.0,6.0
25,1105,17,1088,0.015384615384615385,0.015822784810126583,0.009333744600160301,0.023963824337816214,0.032621563933944574,0.47160876209882835,-1.0843375722459023,25.30658819196288,0.6717618302019484,-1.8308460453383826,0.0734632683658171,0.10220976468287596,4.714606761932373,6.256827735900879,5.0,4.0,5.0
26,1312,11,1301,0.008384146341463415,0.008758568164508759,0.0044624096967855065,0.014463330363685951,0.032621563933944574,0.2570123970279438,-1.9600901451982342,22.950024301587938,0.4793023247142661,-2.7104801043298465,0.010994502748625687,0.018763951357654508,4.270322799682617,5.406394004821778,4.0,4.0,4.0
27,590,2,588,0.003389830508474576,0.004230118443316413,0.0007050650280623616,0.010829793801559639,0.032621563933944574,0.10391379503872489,-3.2665409034666513,8.990660638491427,0.22245306328630224,-2.5085823453684237,0.02148925537231384,0.03395832947723669,5.7854905128479,8.361534881591798,4.0,4.0,4.0
28,567,12,555,0.021164021164021163,0.022007042253521125,0.011620260382839455,0.03556469599757066,0.032621563933944574,0.6487739584428326,-0.6242121834385206,7.226142790606233,1.660636988186787,1.9494156591671061,0.063968015992004,0.09304438689746036,5.298555374145508,7.850172805786134,4.0,4.0,4.0
29,2145,41,2104,0.019114219114219115,0.01933830382106244,0.01394894992595054,0.025574856155084834,0.032621563933944574,0.5859381589712715,-0.7711796869862722,81.91733611005854,0.5005045567511521,-4.9407821240892105,0.0004997501249375312,0.0011845928887408148,3.7061030864715576,4.708797836303711,7.0,3.0,7.0
30,1195,4,1191,0.0033472803347280333,0.003762541806020067,0.00113088798933659,0.007939318125785503,0.032621563933944574,0.10260943777882457,-3.284764662085559,22.38712159272084,0.178674153505317,-4.195841211911039,0.0004997501249375312,0.0011845928887408148,4.563830852508545,5.94095849990845,5.0,4.0,5.0
31,1935,46,1889,0.023772609819121448,0.024018595041322314,0.017677964684460704,0.031289365269721835,0.032621563933944574,0.7287391207625306,-0.45652565419220775,69.02852376897243,0.6663911885752437,-3.185233566650869,0.001999000499750125,0.004336814643525695,4.19468355178833,5.481338691711427,5.0,4.0,5.0
32,115,77,38,0.6695652173913044,0.6681034482758621,0.5802226166675657,0.7504933039523721,0.032621563933944574,20.525233515692484,4.359326730533078,25.73821473744627,2.9916604856036684,12.044972569324086,0.0004997501249375312,0.0011845928887408148,19.515010833740234,30.239064788818368,8.0,4.0,8.0
33,1710,44,1666,0.025730994152046785,0.026008182349503216,0.019007490506802237,0.034056875154369705,0.032621563933944574,0.7887725494752333,-0.3423187503534108,30.958097080744068,1.4212759875143617,2.5270010768648303,0.009495252373813094,0.01688044866455661,4.554632186889648,5.9282468318939205,4.0,4.0,4.0
34,1551,6,1545,0.0038684719535783366,0.004188144329896907,0.0016162462522803327,0.007956440170702954,0.032621563933944574,0.1185863425006725,-3.0759902295323824,11.807285181728975,0.5081608437208427,-1.7933268753471683,0.08995502248875563,0.11994002998500751,4.591652870178223,6.200591087341309,4.0,4.0,4.0
35,1397,6,1391,0.004294917680744453,0.004649499284692418,0.0017946066701851567,0.008831370427929164,0.032621563933944574,0.13165885269759703,-2.9251235639057547,55.2213222321721,0.1086536822637757,-7.2096459969195035,0.0004997501249375312,0.0011845928887408148,3.857607126235962,5.130461120605469,7.0,3.0,7.0
36,1514,57,1457,0.037648612945838836,0.037953795379537955,0.028926336749848215,0.0481354604492576,0.032621563933944574,1.1541020234981234,0.20677076496156205,64.18299733913963,0.8880856669690098,-1.0171284719351703,0.3058470764617691,0.34953951595630756,3.9903182983398438,5.35338945388794,7.0,3.0,7.0
37,1066,2,1064,0.001876172607879925,0.0023430178069353325,0.000390072595980255,0.006005134874141853,0.032621563933944574,0.05751326367058882,-4.119961481976624,28.80589019291155,0.06943024453006326,-5.397214793127448,0.0004997501249375312,0.0011845928887408148,4.813283920288086,6.382447719573975,5.0,3.0,5.0
38,1163,7,1156,0.0060189165950128975,0.006443298969072165,0.0026961443540499505,0.011781105243703752,0.032621563933944574,0.1845072972957583,-2.438250218633062,9.79916603675653,0.7143465039517752,-0.9523762224999434,0.40879560219890054,0.45500727896921106,4.885340690612793,7.052667140960693,4.0,4.0,4.0
39,252,32,220,0.12698412698412698,0.12845849802371542,0.0901923210355981,0.17228167384458312,0.032621563933944574,3.8926437506569953,1.9607503172826355,8.055782760600163,3.972301755269276,9.760999793735824,0.0004997501249375312,0.0011845928887408148,8.793672561645508,14.160299777984623,4.0,4.0,4.0
40,623,0,623,0.0,0.0008012820512820513,7.8786093162865e-07,0.004022282052029152,0.032621563933944574,0.0,-39.86313713864835,2.2611884123067347,0.0,-1.529900938512606,0.1714142928535732,0.2151081322084056,6.080341815948486,8.420213317871093,4.0,4.0,4.0
41,1966,12,1954,0.006103763987792472,0.006354855109303508,0.0033408557630951624,0.010314159008045082,0.032621563933944574,0.187108257597704,-2.4180548648368725,78.18561546624582,0.15348091753758236,-8.13231750468473,0.0004997501249375312,0.0011845928887408148,3.928567409515381,5.179046392440796,6.0,3.0,6.0
42,939,4,935,0.004259850905218318,0.0047872340425531915,0.0014395563726920923,0.010096888319000899,0.032621563933944574,0.13058389578881296,-2.936951106871222,30.663196795083827,0.1304495427117799,-5.215660364675,0.0004997501249375312,0.0011845928887408148,4.636399745941162,6.437827682495118,5.0,3.0,5.0
43,816,18,798,0.022058823529411766,0.022643818849449205,0.013599087393239048,0.03389411076366881,0.032621563933944574,0.6762037397740553,-0.5644700997466311,12.43821546627801,1.4471529335378437,1.7514784211881975,0.08745627186406797,0.11783581893263895,5.6985249519348145,8.377513885498047,4.0,4.0,4.0
44,693,10,683,0.01443001443001443,0.015129682997118156,0.007442591285343957,0.025445982695248393,0.032621563933944574,0.4423458807564768,-1.1767532064672992,9.351860045712453,1.0693059937936837,0.23076226822254203,0.8580709645177411,0.9002711758874661,5.71045446395874,8.036579513549807,4.0,4.0,4.0
45,1943,27,1916,0.013896037056098817,0.014146090534979424,0.009386583060010851,0.01985008962722803,0.032621563933944574,0.42597703421690364,-1.2311524426393239,37.375820250074106,0.7223921727830566,-1.852986270451036,0.06746626686656672,0.09703013661708472,4.578891277313232,6.060240840911865,4.0,4.0,4.0
46,829,7,822,0.008443908323281062,0.009036144578313253,0.003784625648211803,0.016506890949757054,0.032621563933944574,0.25884437485520734,-1.9498431286555942,11.701722965749678,0.5982025057753143,-1.474128410231341,0.15692153923038482,0.19950420829189366,5.726191520690918,7.693419456481934,4.0,4.0,4.0
47,1232,16,1216,0.012987012987012988,0.01338199513381995,0.007748822609919363,0.02050405425232413,0.032621563933944574,0.3981112926808291,-1.3287562999123492,16.95977028367185,0.9434090045078101,-0.25430840032582663,0.8895552223888056,0.9257160037867245,4.537909507751465,5.932234621047974,4.0,4.0,4.0
48,2077,35,2042,0.016851227732306212,0.0170837343599615,0.011966467838476236,0.02307976759090339,0.032621563933944574,0.5165671322940946,-0.9529722431171291,106.50145028808464,0.3286340224036911,-7.547125968065292,0.0004997501249375312,0.0011845928887408148,3.6057941913604736,4.616229057312012,7.0,3.0,7.0
49,1612,14,1598,0.008684863523573201,0.008989460632362058,0.004985863980073541,0.014140671775933786,0.032621563933944574,0.2662307527977257,-1.909250865687811,59.045551807009815,0.2371050751758397,-6.45187576921948,0.0004997501249375312,0.0011845928887408148,4.133277893066406,5.595532035827637,7.0,3.0,7.0
50,1749,24,1725,0.0137221269296741,0.014,0.00904086325781306,0.020008317182807295,0.032621563933944574,0.42064589415332887,-1.2493218324179443,40.15159911380364,0.5977345991121207,-2.7722363572206246,0.004997501249375313,0.009547465073433433,4.3511457443237305,5.779295349121094,5.0,4.0,5.0
51,539,1,538,0.0018552875695732839,0.002777777777777778,0.00020025402817198942,0.00863848906700479,0.032621563933944574,0.056873041811547016,-4.136111221969953,3.1024812136374678,0.322322660844596,-1.232559382421578,0.2433783108445777,0.29114414755239204,5.740512371063232,7.597349643707275,4.0,4.0,4.0
52,1648,7,1641,0.00424757281553398,0.004548211036992117,0.00190186603348372,0.008321605336457438,0.032621563933944574,0.13020751623481,-2.9411153643430623,60.64724371023573,0.11542156859502217,-7.473415517787952,0.0004997501249375312,0.0011845928887408148,4.163629531860352,5.61117148399353,5.0,3.0,5.0
53,1332,28,1304,0.021021021021021023,0.02138034508627157,0.014320129054167198,0.029797678892872013,0.032621563933944574,0.6443903506155162,-0.633993204231106,15.892816209435836,1.7618022904824082,3.2963037144353966,0.0024987506246876563,0.005158710967097097,4.740684509277344,6.212687015533449,4.0,4.0,4.0
54,2102,28,2074,0.013320647002854425,0.01355206847360913,0.00906372084490404,0.01891463903266992,0.032621563933944574,0.40833869981915677,-1.2921617911220222,96.71497193603142,0.2895105012129826,-7.581860778418771,0.0004997501249375312,0.0011845928887408148,3.6591012477874756,4.826432752609253,7.0,3.0,7.0
55,1025,14,1011,0.013658536585365854,0.014132553606237816,0.00784886683848215,0.022201704492729353,0.032621563933944574,0.4186965595218866,-1.2560230315526522,7.306791073876244,1.9160257708823494,2.6095288150423883,0.01899050474762619,0.0303848075962019,5.1636223793029785,7.256508636474609,4.0,4.0,4.0
56,1263,45,1218,0.035629453681710214,0.03599683544303797,0.02644519584445887,0.046937322074880834,0.032621563933944574,1.0922055654307783,0.1272444133246747,41.32459432154886,1.0889399094847154,0.6657219806979506,0.5137431284357821,0.5572806816930518,4.659276485443115,6.143312263488769,5.0,4.0,5.0
57,977,8,969,0.008188331627430911,0.008691206543967281,0.003878520987811775,0.015390865011649513,0.032621563933944574,0.2510097812603795,-1.994184511185833,12.32146874073172,0.6492732456118631,-1.3356138185955495,0.21689155422288856,0.2669434513512475,4.993844032287598,7.095823955535889,5.0,4.0,5.0
58,1377,23,1354,0.01670297748729121,0.017053701015965168,0.010907237255709462,0.02452409017709971,0.032621563933944574,0.5120225848494904,-0.9657206472953994,11.802520481930578,1.9487362919820845,3.564648236993176,0.0034982508745627187,0.006784486544606485,5.241126537322998,7.2185591697692875,4.0,3.0,4.0
59,1387,14,1373,0.010093727469358327,0.010446685878962535,0.005796280061897929,0.016426816500479717,0.032621563933944574,0.30941887059115625,-1.6923669094834468,53.33158191238402,0.26250862055807667,-5.922961574108688,0.0004997501249375312,0.0011845928887408148,3.9049596786499023,5.140918159484864,7.0,3.0,7.0
60,375,9,366,0.024,0.02526595744680851,0.01194009284117903,0.04334102839096851,0.032621563933944574,0.7357096688741722,-0.4427915431583787,2.9537076628954204,3.0470178593021635,3.699309667940862,0.0024987506246876563,0.005158710967097097,7.574551582336426,11.193699836730959,4.0,4.0,4.0
61,2168,26,2142,0.011992619926199263,0.012217611802674043,0.008035442473766995,0.017249557916472345,0.032621563933944574,0.36762860145157744,-1.4436790824302272,60.5676490802059,0.4292720684200545,-4.837795728226917,0.0004997501249375312,0.0011845928887408148,3.962987184524536,5.312541055679321,6.0,3.0,6.0
62,1351,9,1342,0.006661732050333087,0.0070266272189349116,0.003301218920749306,0.012122874117259123,0.032621563933944574,0.20421252836995898,-2.29185671710082,44.00305321429134,0.20453126186882353,-5.793627444329501,0.0004997501249375312,0.0011845928887408148,4.421030521392822,6.0210137367248535,5.0,3.0,5.0
63,1085,4,1081,0.003686635944700461,0.004143646408839779,0.0012456540837772793,0.008741995374380411,0.032621563933944574,0.11301223792229988,-3.1454490865492897,4.7530037286628275,0.8415730826967662,-0.35800672427734354,0.8210894552723638,0.8685904981393601,5.576678276062012,7.479889297485352,4.0,4.0,4.0
64,1673,202,1471,0.12074118350268978,0.12096774193548387,0.10578666151717972,0.13700648162269521,0.032621563933944574,3.701269005593315,1.8880199934959943,107.34786787823114,1.8817327627702531,10.645257218576166,0.0004997501249375312,0.0011845928887408148,4.086040019989014,5.382418632507324,5.0,4.0,5.0
65,767,0,767,0.0,0.0006510416666666666,6.399926691208876e-07,0.003268602444883396,0.032621563933944574,0.0,-39.86313713864835,10.573404686422075,0.0,-3.4603813712946923,0.0009995002498750624,0.002326109672436509,5.867193222045898,8.503240394592284,7.0,3.0,7.0
66,924,5,919,0.005411255411255411,0.005945945945945946,0.002067702223270608,0.011820085739378311,0.032621563933944574,0.1658797052836788,-2.591790705746143,14.383502975426133,0.3476204655112443,-2.6838432197744497,0.011494252873563218,0.019107329452157037,5.091553688049316,7.120667409896851,4.0,4.0,4.0
67,693,37,656,0.05339105339105339,0.05403458213256484,0.038479409525885105,0.07202054711806329,0.032621563933944574,1.636679758798964,0.7107720642742882,29.010104519073153,1.2754176730274709,1.731301731572848,0.1054472763618191,0.13772705483992698,4.867939472198486,7.1021125793457065,5.0,3.0,5.0
68,1146,0,1146,0.0,0.00043591979075850045,4.283833733734717e-07,0.002189044756312853,0.032621563933944574,0.0,-39.86313713864835,11.292346592621831,0.0,-3.5536598108299358,0.0004997501249375312,0.0011845928887408148,4.920197486877441,6.701513051986694,4.0,4.0,4.0
69,1448,45,1403,0.031077348066298343,0.03140096618357488,0.0230531185770098,0.04097230776723769,0.032621563933944574,0.9526627273059896,-0.06996254997097852,45.002044852882776,0.9999545608896337,-0.0003514926994089571,1.0,1.0,4.647315979003906,6.071455717086792,5.0,4.0,5.0
70,1898,37,1861,0.019494204425711276,0.019747235387045814,0.01398387403205165,0.02646700971827587,0.032621563933944574,0.5975864451252277,-0.7427806706096073,89.31685081645045,0.41425553702107587,-6.1424073154219885,0.0004997501249375312,0.0011845928887408148,3.974740505218506,5.234360074996948,6.0,3.0,6.0
71,697,5,692,0.007173601147776184,0.007879656160458453,0.0027423722217883046,0.0156518182233083,0.032621563933944574,0.2199036552110749,-2.1850565101985087,4.9728291859628655,1.0054638542811467,0.013252622332322711,1.0,1.0,6.089902400970459,8.327614402770996,4.0,4.0,4.0
72,304,98,206,0.3223684210526316,0.32295081967213113,0.271703399797284,0.3763975899479909,0.032621563933944574,9.882065179505053,3.3048125714541747,65.33959197854546,1.499856320378902,5.098997763892995,0.0004997501249375312,0.0011845928887408148,5.77815055847168,8.318101692199706,5.0,3.0,5.0
73,785,5,780,0.006369426751592357,0.006997455470737914,0.0024344372862216417,0.01390445021883466,0.032621563933944574,0.19525203526384613,-2.356590508109075,18.507948959867154,0.27015419217126957,-3.383592028888692,0.0014992503748125937,0.0034268579995716426,5.371077060699463,7.298721694946289,5.0,4.0,5.0
74,1173,12,1161,0.010230179028132993,0.010647359454855196,0.005604204366519115,0.017260714046384292,0.032621563933944574,0.31360173438796773,-1.6729945565248,16.45109320246369,0.729434807299183,-1.1763531943854413,0.2843578210894553,0.3308891009040934,4.834188461303711,6.667604732513427,4.0,4.0,4.0
75,158,2,156,0.012658227848101266,0.015723270440251572,0.002639498743816614,0.03998262019996078,0.032621563933944574,0.38803252577751696,-1.3657505073945508,1.9686069419667156,1.015946839038331,0.023831048197323734,1.0,1.0,14.173820495605469,21.605716323852544,4.0,4.0,4.0
76,1990,40,1950,0.020100502512562814,0.020341536916122553,0.01461118771668026,0.026983102465325075,0.032621563933944574,0.616172251988419,-0.6985943797610966,111.65146701325396,0.35825771993888506,-7.477480629549888,0.0004997501249375312,0.0011845928887408148,3.8904848098754883,5.0882501125335695,7.0,3.0,7.0
77,466,12,454,0.02575107296137339,0.02676659528907923,0.014152366205626897,0.04319945406162597,0.032621563933944574,0.7893880567319445,-0.34119340315057184,5.676496683678194,2.1139799190764914,2.923386858989196,0.009995002498750625,0.017525483833425753,5.601437568664551,7.897292852401733,4.0,4.0,4.0
78,1371,10,1361,0.007293946024799417,0.007653061224489796,0.0037561244164954067,0.012900185621311643,0.032621563933944574,0.22359277561213597,-2.161054520109311,30.58618200376263,0.3269450236963158,-4.050404117578851,0.0004997501249375312,0.0011845928887408148,4.88451623916626,6.9281744956970215,5.0,3.0,5.0
79,1928,56,1872,0.029045643153526972,0.02928978745463971,0.02224027015013939,0.037262738872282535,0.032621563933944574,0.8903816877799456,-0.16750417338980533,69.1447094924216,0.809895658121721,-1.723668299801292,0.08295852073963018,0.1141794694050824,4.293526649475098,5.748150634765625,5.0,3.0,5.0
80,1188,14,1174,0.011784511784511785,0.012195121951219513,0.006769458992438765,0.019167568313494872,0.032621563933944574,0.36124913595112274,-1.4689339579606095,19.342073806397384,0.7238107009688644,-1.308526735827505,0.22788605697151423,0.2775970505313381,4.887448310852051,6.355933904647827,5.0,4.0,5.0
81,1638,61,1577,0.03724053724053724,0.037522879804759,0.028872161170849595,0.04724155106839458,0.032621563933944574,1.1415926384138304,0.19104793670442968,37.61120682419316,1.6218570248259663,4.240434249179897,0.0004997501249375312,0.0011845928887408148,4.790548324584961,6.432580137252807,4.0,4.0,4.0
82,862,33,829,0.0382830626450116,0.0388180764774044,0.02698142175326181,0.05267557953206167,0.032621563933944574,1.173550805918778,0.23088030105190727,13.214900000421732,2.4971812120369323,5.873374119632467,0.0004997501249375312,0.0011845928887408148,6.309849739074707,8.413212585449218,4.0,4.0,4.0
83,911,14,897,0.015367727771679473,0.015899122807017545,0.008834031102857605,0.024965623283432326,0.032621563933944574,0.4710910795937802,-1.0859220809618946,18.603993691050853,0.7525265936170722,-1.161498122904336,0.2518740629685157,0.29577871614651385,5.034050464630127,7.280909061431885,5.0,3.0,5.0
84,140,2,138,0.014285714285714285,0.01773049645390071,0.002980189904218371,0.0450331768115504,0.032621563933944574,0.437922421948912,-1.1912527761624143,0.5026215343835514,3.979137110495939,2.165656794936495,0.0864567716141929,0.11772836985762439,10.628949165344238,16.525340843200684,4.0,4.0,4.0
85,1470,101,1369,0.06870748299319727,0.0690006798096533,0.05661838725855279,0.08249243918876109,0.032621563933944574,2.1061983150876245,1.07464128381062,94.4174768017912,1.0697172114864641,0.809531262287447,0.4172913543228386,0.460459425459684,4.606937408447266,6.0226709842681885,5.0,4.0,5.0
86,369,27,342,0.07317073170731707,0.07432432432432433,0.049890203940707895,0.10310871370137471,0.032621563933944574,2.243017283152964,1.1654407368856246,11.727696099464623,2.3022424669780253,5.138071522403454,0.0004997501249375312,0.0011845928887408148,9.17533016204834,13.739002037048339,4.0,4.0,4.0
87,288,3,285,0.010416666666666666,0.012110726643598616,0.00294227263744386,0.027535361692705734,0.032621563933944574,0.3193184326710817,-1.646932259938604,7.350580855036873,0.40813101157091497,-1.7592968947464107,0.09995002498750624,0.13189281647835877,8.481800079345703,14.686896800994873,5.0,3.0,5.0
88,1794,81,1713,0.0451505016722408,0.04540389972144847,0.0362650312892938,0.05550155408771442,0.032621563933944574,1.3840691931161264,0.4689160687479154,80.99922761167443,1.00000953574927,9.722208097485181e-05,1.0,1.0,4.391475200653076,5.879809856414796,6.0,3.0,6.0
89,418,10,408,0.023923444976076555,0.025059665871121718,0.012364896165177162,0.042021131507567706,0.032621563933944574,0.7333629075699484,-0.44740079641096825,4.171802280435243,2.397045527995805,3.0190097353731935,0.005497251374312844,0.010347767292824175,7.609430313110352,10.681864643096924,4.0,4.0,4.0
90,1480,142,1338,0.09594594594594595,0.0962187711006077,0.08173023400733012,0.11173990178448094,0.032621563933944574,2.9411816717379633,1.5563958997709222,65.3637526999623,2.172457885822732,10.77741193797867,0.0004997501249375312,0.0011845928887408148,5.012125015258789,6.768236112594605,5.0,4.0,5.0
91,506,11,495,0.021739130434782608,0.022682445759368838,0.011603572128404429,0.03730697892612869,0.032621563933944574,0.6664036855744313,-0.5855317152744608,4.865916030914622,2.2606226515446846,2.9408850219693963,0.0074962518740629685,0.01370743199828657,7.247870922088623,10.405995845794678,4.0,4.0,4.0
92,407,20,387,0.04914004914004914,0.05024509803921569,0.03124342437615888,0.073410919520301,0.032621563933944574,1.506367053386921,0.5910733514036673,4.979717317501272,4.016292236049178,7.2525321315258635,0.0004997501249375312,0.0011845928887408148,8.896964073181152,12.694543266296387,4.0,4.0,4.0
93,820,40,780,0.04878048780487805,0.04933008526187576,0.035595294947945715,0.06514150458080802,0.032621563933944574,1.4953448554353093,0.5804782361644684,21.063474836925028,1.8990218997427035,4.941599997691858,0.0004997501249375312,0.0011845928887408148,6.222203254699707,8.75120143890381,4.0,4.0,4.0
94,127,4,123,0.031496062992125984,0.03515625,0.01072278124800925,0.07313725874568172,0.032621563933944574,0.9654982531157115,-0.050654445989613835,1.3671479915439662,2.9257988343183428,2.399563103799327,0.041979010494752625,0.062480387713120186,13.58577823638916,22.084030151367188,4.0,4.0,4.0
95,702,34,668,0.04843304843304843,0.04907539118065434,0.034370019743753595,0.06620669536292986,0.032621563933944574,1.4846942510518668,0.5701658617283307,16.43641604025083,2.0685774755724142,4.791790230443691,0.0004997501249375312,0.0011845928887408148,6.241971969604492,9.075507640838621,5.0,4.0,5.0
96,467,37,430,0.07922912205567452,0.08012820512820513,0.057309449317238706,0.10634130303381106,0.032621563933944574,2.4287346313654865,1.28020486670184,28.633335272882732,1.2922001452985095,1.9222465690404538,0.06946526736631684,0.0977093870647094,5.866568565368652,8.597975158691407,5.0,3.0,5.0
97,918,402,516,0.43790849673202614,0.43797606093579977,0.4060519621720645,0.47015587052743546,0.032621563933944574,13.423896463662727,3.746731588547673,206.62328774824448,1.9455696614885343,16.970696899452314,0.0004997501249375312,0.0011845928887408148,4.91145133972168,7.236369371414185,5.0,3.0,5.0
98,557,14,543,0.025134649910233394,0.025985663082437275,0.014476450114707055,0.040698430193551474,0.032621563933944574,0.7704918734469188,-0.3761483544998755,12.157738204514715,1.1515299774098746,0.599667569353911,0.6296851574212894,0.6773084046212189,6.483421325683594,9.233695983886719,5.0,4.0,5.0
99,213,0,213,0.0,0.002336448598130841,2.30261972199506e-06,0.011710208398741524,0.032621563933944574,0.0,-39.86313713864835,4.380625359640281,0.0,-2.2406965802654235,0.03298350824587706,0.05086613319846101,9.74074649810791,16.242982864379886,7.0,3.0,7.0
100,556,159,397,0.28597122302158273,0.2863554757630162,0.2495934647032372,0.3245706381728241,0.032621563933944574,8.766324741531278,3.1319721233434,132.73205572974655,1.1979020374982903,2.8946943326308707,0.0029985007496251873,0.005904739937723446,5.256434440612793,7.889618635177612,5.0,1.0,5.0
101,355,27,328,0.07605633802816901,0.07724719101123595,0.0518817710450307,0.10710303515526308,0.032621563933944574,2.331474302770264,1.2212425285539763,15.646988759089771,1.725571636543482,3.27112767344667,0.0024987506246876563,0.005158710967097097,8.650938987731934,12.678936004638672,5.0,3.0,5.0
102,331,14,317,0.04229607250755287,0.043674698795180725,0.024444299607781918,0.06809011261857102,0.032621563933944574,1.296567895800404,0.3746977560329385,3.5722846302805102,3.919060614971395,5.975607580233697,0.0004997501249375312,0.0011845928887408148,12.065214157104492,18.898927688598633,4.0,4.0,4.0
103,409,1,408,0.0024449877750611247,0.003658536585365854,0.0002639350135415962,0.01137023103782193,0.032621563933944574,0.07495004776631746,-3.7379267921591968,7.1502404072609345,0.1398554374457842,-2.4615602984338505,0.017491254372813594,0.028340260249622027,8.773443222045898,12.468211364746093,5.0,4.0,5.0
104,116,0,116,0.0,0.004273504273504274,4.223934500747053e-06,0.02137619905017229,0.032621563933944574,0.0,-39.86313713864835,1.7750275565712252,0.0,-1.481530811909546,0.21639180409795103,0.2669434513512475,21.032039642333984,30.817594528198242,5.5,3.0,5.5
105,193,4,189,0.02072538860103627,0.023195876288659795,0.007035171162322823,0.048519135288488516,0.032621563933944574,0.6353278660398723,-0.6544267964855284,2.189022760465826,1.827299410604939,1.3404555839759615,0.24987506246876562,0.29577871614651385,11.198861122131348,16.768692779541016,4.0,4.0,4.0
106,638,261,377,0.4090909090909091,0.40923317683881066,0.37142200921428564,0.4475825382645596,0.032621563933944574,12.540505719446118,3.6485236235875673,176.9059831239481,1.4753599363404908,8.071912387544316,0.0004997501249375312,0.0011845928887408148,5.692805290222168,9.425300025939944,5.0,1.0,5.0
107,211,5,206,0.023696682464454975,0.025943396226415096,0.009098205993629012,0.05115237481851909,0.032621563933944574,0.7264116003891905,-0.46114085303727076,2.533809666280349,1.973313176020848,1.6512440190015378,0.15742128935532235,0.19950420829189366,16.59043312072754,27.554956436157227,4.0,4.0,4.0
108,195,27,168,0.13846153846153847,0.14030612244897958,0.09542415148873526,0.1921315569626751,0.032621563933944574,4.2444788588894555,2.0855874291964103,7.661052835010297,3.5243197745109547,7.683896188345308,0.0004997501249375312,0.0011845928887408148,12.43698501586914,19.182397079467773,5.0,4.0,5.0
109,312,23,289,0.07371794871794872,0.07507987220447285,0.04860207945913236,0.10668932845979248,0.032621563933944574,2.2597919850568857,1.1761899779773166,9.707290614443458,2.369353191690619,4.8324138913496135,0.0004997501249375312,0.0011845928887408148,11.796957015991211,17.382869911193854,4.5,4.0,4.5
110,186,6,180,0.03225806451612903,0.034759358288770054,0.013574399370990848,0.06527281338738337,0.032621563933944574,0.9888570818201239,-0.01616606960432313,1.3517584287027724,4.438662909435642,4.423830475970499,0.001999000499750125,0.004336814643525695,21.368587493896484,31.061492919921875,4.0,4.0,4.0
111,284,25,259,0.0880281690140845,0.08947368421052632,0.05922532748973008,0.12516873816873617,0.032621563933944574,2.698465628206324,1.4321393110525946,7.66716847387764,3.260656145117462,6.8023723741212745,0.0004997501249375312,0.0011845928887408148,12.189752578735352,18.685435867309582,4.0,4.0,4.0
112,158,10,148,0.06329113924050633,0.0660377358490566,0.03300198559340497,0.10935734096747364,0.032621563933944574,1.940162628887585,0.9561775874928117,1.5676343083515492,6.379038750762946,7.175407284149012,0.0004997501249375312,0.0011845928887408148,42.864418029785156,54.05769309997559,4.0,3.0,4.0
113,263,9,254,0.034220532319391636,0.03598484848484849,0.017064740829667472,0.06151818665023914,0.032621563933944574,1.0490156875582304,0.06903625293256223,3.4838711459384304,2.5833332011984393,3.1511966736020414,0.00849575212393803,0.015316285519212224,12.798824310302734,20.11988105773926,4.0,4.0,4.0
114,180,1,179,0.005555555555555556,0.008287292817679558,0.0006000859278258633,0.025668831706830163,0.032621563933944574,0.17030316409124358,-2.5538228555471223,5.7248195186166635,0.1746779958299259,-2.1267518887678634,0.03548225887056472,0.05406820399324148,14.361542701721191,22.621823120117188,7.0,3.0,7.0
115,244,14,230,0.05737704918032787,0.05918367346938776,0.03326113000748638,0.09189551685970933,0.032621563933944574,1.7588687438931712,0.8146478252772699,3.547176651298037,3.9468009000557966,6.037308781455387,0.0004997501249375312,0.0011845928887408148,17.861370086669922,24.80594177246094,4.0,4.0,4.0
116,145,18,127,0.12413793103448276,0.1267123287671233,0.07800837799890395,0.1850814773488378,0.032621563933944574,3.8053948390043386,1.92804615220993,6.647473003845738,2.7077958781609985,4.858400588692733,0.0004997501249375312,0.0011845928887408148,20.864282608032227,30.498500061035152,5.0,4.0,5.0
117,227,3,224,0.013215859030837005,0.015350877192982455,0.0037358341165051223,0.03484503807655946,0.032621563933944574,0.40512646964436794,-1.3035557457872067,0.93675908611655,3.202530986314602,2.189597042192053,0.06846576711644178,0.09737353545449498,18.99624252319336,28.23751792907715,4.0,4.0,4.0
118,128,15,113,0.1171875,0.12015503875968993,0.07012059396230726,0.18131430708881618,0.032621563933944574,3.592332367549669,1.8449208363910705,2.916581252325135,5.143007755412888,7.776096993710137,0.0004997501249375312,0.0011845928887408148,27.675201416015625,40.7474552154541,5.0,4.0,5.0
119,210,4,206,0.01904761904761905,0.02132701421800948,0.006462703882528823,0.04464780656970351,0.032621563933944574,0.5838965625985494,-0.7762152768835705,3.947424969483679,1.013318816930724,0.028364080160332285,1.0,1.0,16.333404541015625,23.063496017456053,4.0,4.0,4.0
120,221,4,217,0.01809954751131222,0.02027027027027027,0.006139446958117436,0.042455831726620916,0.032621563933944574,0.5548338377633275,-0.8498723186088792,2.3816649842849205,1.679497337532119,1.1163189518842134,0.28735632183908044,0.3313658486072279,20.65733528137207,29.349958419799805,4.0,4.0,4.0
121,208,0,208,0.0,0.0023923444976076554,2.3579045653742656e-06,0.011989672608353076,0.032621563933944574,0.0,-39.86313713864835,3.800245918632326,0.0,-2.0811989933848176,0.050974512743628186,0.07499698426648745,19.600711822509766,25.94153060913086,7.0,3.0,7.0
122,167,16,151,0.09580838323353294,0.09821428571428571,0.05808697903505465,0.14737595872713322,0.032621563933944574,2.9369647460046795,1.5543259483085,3.181735928362462,5.028701425964878,7.711098313314468,0.0004997501249375312,0.0011845928887408148,25.86223793029785,32.7621826171875,4.0,4.0,4.0
123,73,2,71,0.0273972602739726,0.033783783783783786,0.0057360846897316214,0.08498679969176065,0.032621563933944574,0.8398512201759956,-0.2517943180974653,0.6779998722086614,2.949853063371197,1.6958990520849744,0.13543228385807096,0.17510436700841497,30.04909896850586,46.86390914916992,4.0,4.0,4.0
124,221,13,208,0.058823529411764705,0.060810810810810814,0.0333699146606871,0.09571465268561251,0.032621563933944574,1.8032099727308142,0.8505673995322127,1.5403721829541879,8.439518801922322,9.767756829148409,0.0004997501249375312,0.0011845928887408148,27.41790771484375,33.284950256347656,4.0,3.0,4.0
125,192,9,183,0.046875,0.04922279792746114,0.023443479607382033,0.08379325121695766,0.032621563933944574,1.4369329470198675,0.5229927415037082,1.7963199121328894,5.010243408877935,5.719606942523235,0.0004997501249375312,0.0011845928887408148,25.177852630615234,31.60323009490967,4.0,4.0,4.0
126,119,6,113,0.05042016806722689,0.05416666666666667,0.02131619775146148,0.10095803055303398,0.032621563933944574,1.5456085480549837,0.6281749781957648,0.8261160846364102,7.262901802282081,6.044621028741967,0.0004997501249375312,0.0011845928887408148,27.20970344543457,42.6911605834961,3.0,3.0,3.0
127,118,0,118,0.0,0.004201680672268907,4.152494218583095e-06,0.021018487557514835,0.032621563933944574,0.0,-39.86313713864835,1.0678242586971847,0.0,-1.0823259870700563,0.408295852073963,0.45500727896921106,21.706579208374023,31.11744174957274,7.0,3.0,7.0
