family,config,d2e8_PA_mean_nap,mq_PA_mean_nap,delta_PA_mean_nap,d2e8_PC_mean_nap,mq_PC_mean_nap,delta_PC_mean_nap,d2e8_nap_product,mq_nap_product,delta_nap_product
,,,,,,,,,,
DINOv2,robustmad_all__prune0.9__tvn_efaar_e0.05,0.4844743704846483,0.4845304950332204,5.612454857206739e-05,0.0522067834654806,0.0654962706797956,0.013289487214315006,0.02529284855446706,0.03173494045531116,0.006442091900844101
DINOv2,robustmad_all__prune0.9__tvn_efaar_e0.05_c96,0.3945603227446563,0.4073839417633528,0.012823619018696497,0.0412332926221882,0.0443960498406606,0.003162757218472395,0.01626902124483543,0.018086237782810585,0.001817216537975154
DINOv2,robustmad_all__prune0.9__tvn_efaar_e0.1,0.4504942239942748,0.451185473255186,0.0006912492609111864,0.0551479945509211,0.065271488375195,0.010123493824273903,0.024843853010057697,0.029449547372632726,0.0046056943625750295
DINOv2,robustmad_all__prune0.9__tvn_efaar_e0.1_c96,0.3757788829988902,0.3841951928700274,0.008416309871137229,0.0430644122748654,0.0459698480539573,0.0029054357790919,0.016182696741652614,0.017661394639295978,0.0014786978976433635
DINOv2,robustmad_all__prune0.9__tvn_efaar_e0.2,0.4144526004365751,0.4142324961419432,-0.0002201042946319287,0.0549974463424307,0.0698828693370304,0.014885422994599704,0.022793834653991412,0.028947755403039368,0.006153920749047956
DINOv2,robustmad_all__prune0.9__tvn_efaar_e0.2_c96,0.3612413617307715,0.3657292649587116,0.0044879032279401265,0.0469593327096424,0.0500574265322541,0.003098093822611697,0.01696365329399958,0.018307465811366,0.0013438125173664203
DINOv2,robustmad_all__tvn_efaar_e0.05,0.4844743704846483,0.4845304950332204,5.612454857206739e-05,0.0522067834654806,0.0654962706797956,0.013289487214315006,0.02529284855446706,0.03173494045531116,0.006442091900844101
DINOv2,robustmad_all__tvn_efaar_e0.05_c96,0.3945603227446563,0.4073839417633528,0.012823619018696497,0.0412332926221882,0.0443960498406606,0.003162757218472395,0.01626902124483543,0.018086237782810585,0.001817216537975154
DINOv2,robustmad_all__tvn_efaar_e0.1,0.4504942239942748,0.451185473255186,0.0006912492609111864,0.0551479945509211,0.065271488375195,0.010123493824273903,0.024843853010057697,0.029449547372632726,0.0046056943625750295
DINOv2,robustmad_all__tvn_efaar_e0.1_c96,0.3757788829988902,0.3841951928700274,0.008416309871137229,0.0430644122748654,0.0459698480539573,0.0029054357790919,0.016182696741652614,0.017661394639295978,0.0014786978976433635
DINOv2,robustmad_all__tvn_efaar_e0.2,0.4144526004365751,0.4142324961419432,-0.0002201042946319287,0.0549974463424307,0.0698828693370304,0.014885422994599704,0.022793834653991412,0.028947755403039368,0.006153920749047956
DINOv2,robustmad_all__tvn_efaar_e0.2_c96,0.3612413617307715,0.3657292649587116,0.0044879032279401265,0.0469593327096424,0.0500574265322541,0.003098093822611697,0.01696365329399958,0.018307465811366,0.0013438125173664203
DINOv2,robustmad_ctrl__prune0.9__tvn_efaar_e0.05,0.4619511611136225,0.4572594914976634,-0.0046916696159591265,0.0480884797209315,0.0526175941852993,0.004529114464367802,0.022214529043273194,0.024059894361000367,0.0018453653177271725
DINOv2,robustmad_ctrl__prune0.9__tvn_efaar_e0.05_c96,0.379215843734576,0.3811095527635494,0.0018937090289734004,0.0412306599786056,0.0544547213322918,0.0132240613536862,0.015635319511520338,0.020753214492813442,0.005117894981293104
DINOv2,robustmad_ctrl__prune0.9__tvn_efaar_e0.1,0.4303009039054311,0.422771278541356,-0.007529625364075088,0.050875934715214,0.0532592248357169,0.0023832901205029025,0.021891960694990283,0.022516470577917575,0.0006245098829272926
DINOv2,robustmad_ctrl__prune0.9__tvn_efaar_e0.1_c96,0.3617753579443757,0.3596289571840427,-0.0021464007603330115,0.0461156520458354,0.0535137918566879,0.007398139810852501,0.016683506525720385,0.019245109160384584,0.0025616026346641993
DINOv2,robustmad_ctrl__prune0.9__tvn_efaar_e0.2,0.3941074455476898,0.3901229166863674,-0.0039845288613223895,0.0503081223247851,0.0522130121673814,0.0019048898425962982,0.01982680557972176,0.02036949259571962,0.0005426870159978593
DINOv2,robustmad_ctrl__prune0.9__tvn_efaar_e0.2_c96,0.346954767419545,0.3424300750669904,-0.0045246923525545935,0.0470306907450475,0.0544814038750735,0.007450713130025995,0.016317522369028503,0.01865607121869644,0.002338548849667936
DINOv2,robustmad_ctrl__tvn_efaar_e0.05,0.4619511611136225,0.4572596744755116,-0.00469148663811092,0.0480885112537444,0.052617687158981,0.004529175905236597,0.02221454360989273,0.024059946501969957,0.0018454028920772275
DINOv2,robustmad_ctrl__tvn_efaar_e0.05_c96,0.379215843734576,0.3811095527635494,0.0018937090289734004,0.0412306599786056,0.0544547213322918,0.0132240613536862,0.015635319511520338,0.020753214492813442,0.005117894981293104
DINOv2,robustmad_ctrl__tvn_efaar_e0.1,0.4303022124106049,0.4227708401900762,-0.007531372220528687,0.050877104359107,0.0532532740837096,0.0023761697246025976,0.021892530566768972,0.02251393142724232,0.0006214008604733465
DINOv2,robustmad_ctrl__tvn_efaar_e0.1_c96,0.3617753579443757,0.3596289571840427,-0.0021464007603330115,0.0461156520458354,0.0535146082067974,0.007398956160961999,0.016683506525720385,0.01924540274352316,0.002561896217802777
DINOv2,robustmad_ctrl__tvn_efaar_e0.2,0.3941074455476898,0.3901229166863674,-0.0039845288613223895,0.0503081223247851,0.0522130121673814,0.0019048898425962982,0.01982680557972176,0.02036949259571962,0.0005426870159978593
DINOv2,robustmad_ctrl__tvn_efaar_e0.2_c96,0.346954767419545,0.3424300750669904,-0.0045246923525545935,0.0470306907450475,0.0544814038750735,0.007450713130025995,0.016317522369028503,0.01865607121869644,0.002338548849667936
DINOv2,std_all__prune0.9__tvn_efaar_e0.05,0.4690056774912664,0.4789813797551098,0.009975702263843367,0.0423997541799754,0.0506363532356568,0.008236599055681401,0.01988572543464252,0.024253870338582013,0.004368144903939494
DINOv2,std_all__prune0.9__tvn_efaar_e0.05_c96,0.3962838189309568,0.3984613748907272,0.002177555959770372,0.0513757321524979,0.04603040942312,-0.005345322729377898,0.020359371337765813,0.01834134022551948,-0.0020180311122463337
DINOv2,std_all__prune0.9__tvn_efaar_e0.1,0.4377996950074111,0.4413152048750224,0.0035155098676112884,0.0480761649659011,0.0461379172528369,-0.001938247713064202,0.021047730359197485,0.020361364404942548,-0.0006863659542549368
DINOv2,std_all__prune0.9__tvn_efaar_e0.1_c96,0.3805487633562448,0.3787262156624644,-0.0018225476937804297,0.0474678632022315,0.0475840198952642,0.00011615669303269988,0.018063836640772598,0.018021315780940825,-4.2520859831772506e-05
DINOv2,std_all__prune0.9__tvn_efaar_e0.2,0.4067372752541389,0.4037785580714522,-0.0029587171826866987,0.0499243849030832,0.048801602147043,-0.0011227827560401984,0.02030610828421893,0.01970504054650971,-0.0006010677377092204
DINOv2,std_all__prune0.9__tvn_efaar_e0.2_c96,0.3719080433967549,0.3667239922143348,-0.005184051182420046,0.0459554749795607,0.0455894309632632,-0.00036604401629750094,0.017091210783016942,0.01671873812562769,-0.00037247265738925284
DINOv2,std_all__tvn_efaar_e0.05,0.4690056774912664,0.4789813797551098,0.009975702263843367,0.0423997541799754,0.0506363532356568,0.008236599055681401,0.01988572543464252,0.024253870338582013,0.004368144903939494
DINOv2,std_all__tvn_efaar_e0.05_c96,0.3962838189309568,0.3984613748907272,0.002177555959770372,0.0513757321524979,0.04603040942312,-0.005345322729377898,0.020359371337765813,0.01834134022551948,-0.0020180311122463337
DINOv2,std_all__tvn_efaar_e0.1,0.4377996950074111,0.4413152048750224,0.0035155098676112884,0.0480761649659011,0.0461379172528369,-0.001938247713064202,0.021047730359197485,0.020361364404942548,-0.0006863659542549368
DINOv2,std_all__tvn_efaar_e0.1_c96,0.3805487633562448,0.3787262156624644,-0.0018225476937804297,0.0474678632022315,0.0475840198952642,0.00011615669303269988,0.018063836640772598,0.018021315780940825,-4.2520859831772506e-05
DINOv2,std_all__tvn_efaar_e0.2,0.4067372752541389,0.4037785580714522,-0.0029587171826866987,0.0499243849030832,0.048801602147043,-0.0011227827560401984,0.02030610828421893,0.01970504054650971,-0.0006010677377092204
DINOv2,std_all__tvn_efaar_e0.2_c96,0.3719080433967549,0.3667239922143348,-0.005184051182420046,0.0459554749795607,0.0455894309632632,-0.00036604401629750094,0.017091210783016942,0.01671873812562769,-0.00037247265738925284
DINOv2,std_ctrl__prune0.9__tvn_efaar_e0.05,0.4663994953244081,0.4531557982467488,-0.013243697077659322,0.0538144107131478,0.0526547969189358,-0.0011596137942119986,0.025099013997792553,0.0238608265293208,-0.0012381874684717527
DINOv2,std_ctrl__prune0.9__tvn_efaar_e0.05_c96,0.395610876288035,0.3833897333114738,-0.012221142976561183,0.052748863278911,0.0489290106472452,-0.0038198526316658016,0.02086802402496773,0.018758880343241597,-0.0021091436817261347
DINOv2,std_ctrl__prune0.9__tvn_efaar_e0.1,0.4324588265913461,0.4187164307309833,-0.0137423958603628,0.0542345195123515,0.0541665092995781,-6.801021277340336e-05,0.023454196669056994,0.022680407439075956,-0.0007737892299810381
DINOv2,std_ctrl__prune0.9__tvn_efaar_e0.1_c96,0.371767655462085,0.3616057696225342,-0.0101618858395508,0.0510949953341674,0.0504085910080262,-0.000686404326141199,0.018995466621229588,0.01822803734704487,-0.0007674292741847166
DINOv2,std_ctrl__prune0.9__tvn_efaar_e0.2,0.3958997209792059,0.3826599706829684,-0.013239750296237474,0.0556503495153439,0.0552151082329719,-0.00043524128237200366,0.022031957845519937,0.021128611697685956,-0.0009033461478339805
DINOv2,std_ctrl__prune0.9__tvn_efaar_e0.2_c96,0.3539910198366937,0.3465372413599574,-0.007453778476736284,0.0519510237588727,0.0525948456638284,0.0006438219049557034,0.01839019588196365,0.01822607272609581,-0.00016412315586783813
DINOv2,std_ctrl__tvn_efaar_e0.05,0.4663994953244081,0.4531557982467488,-0.013243697077659322,0.0538144107131478,0.0526547969189358,-0.0011596137942119986,0.025099013997792553,0.0238608265293208,-0.0012381874684717527
DINOv2,std_ctrl__tvn_efaar_e0.05_c96,0.395610876288035,0.3833897333114738,-0.012221142976561183,0.052748863278911,0.0489290106472452,-0.0038198526316658016,0.02086802402496773,0.018758880343241597,-0.0021091436817261347
DINOv2,std_ctrl__tvn_efaar_e0.1,0.4324588265913461,0.4187164307309833,-0.0137423958603628,0.0542345195123515,0.0541665092995781,-6.801021277340336e-05,0.023454196669056994,0.022680407439075956,-0.0007737892299810381
DINOv2,std_ctrl__tvn_efaar_e0.1_c96,0.371767655462085,0.3616057696225342,-0.0101618858395508,0.0510949953341674,0.0504085910080262,-0.000686404326141199,0.018995466621229588,0.01822803734704487,-0.0007674292741847166
DINOv2,std_ctrl__tvn_efaar_e0.2,0.3958997209792059,0.3826599706829684,-0.013239750296237474,0.0556503495153439,0.0552151082329719,-0.00043524128237200366,0.022031957845519937,0.021128611697685956,-0.0009033461478339805
DINOv2,std_ctrl__tvn_efaar_e0.2_c96,0.3539910198366937,0.3465372413599574,-0.007453778476736284,0.0519510237588727,0.0525948456638284,0.0006438219049557034,0.01839019588196365,0.01822607272609581,-0.00016412315586783813
MorphEM,robustmad_all__prune0.9__tvn_efaar_e0.05,0.5115911715738608,0.5033117265361814,-0.008279445037679412,0.0968549025860233,0.0806585997061076,-0.016196302879915705,0.04955011308665582,0.04059641907807175,-0.008953694008584069
MorphEM,robustmad_all__prune0.9__tvn_efaar_e0.05_c96,0.4384435226381187,0.4405171365238963,0.002073613885777592,0.0884342600750066,0.0742761058553607,-0.014158154219645905,0.03877342850918143,0.0327198974635493,-0.006053531045632131
MorphEM,robustmad_all__prune0.9__tvn_efaar_e0.1,0.4863566215120723,0.4771552646106342,-0.00920135690143814,0.0996854580584241,0.0823964379733734,-0.017289020085050705,0.04848268259517853,0.03931589416415869,-0.00916678843101984
MorphEM,robustmad_all__prune0.9__tvn_efaar_e0.1_c96,0.4317295304858687,0.4336201531230769,0.0018906226372081836,0.0895213329153068,0.0779176156040133,-0.011603717311293504,0.038649003027994545,0.03378664840919729,-0.004862354618797256
MorphEM,robustmad_all__prune0.9__tvn_efaar_e0.2,0.4627035354036747,0.454841854439218,-0.007861680964456719,0.0910975615187361,0.0820643430052344,-0.009033218513501709,0.042151163781372944,0.037326297955836876,-0.004824865825536068
MorphEM,robustmad_all__prune0.9__tvn_efaar_e0.2_c96,0.422154461711472,0.4239690437854619,0.0018145820739899343,0.0971445079602218,0.0800151013271784,-0.017129406633043395,0.04100998746617324,0.03392392599808067,-0.007086061468092569
MorphEM,robustmad_all__tvn_efaar_e0.05,0.5115911715738608,0.5033117265361814,-0.008279445037679412,0.0968549025860233,0.0806585997061076,-0.016196302879915705,0.04955011308665582,0.04059641907807175,-0.008953694008584069
MorphEM,robustmad_all__tvn_efaar_e0.05_c96,0.4384435226381187,0.4405171365238963,0.002073613885777592,0.0884342600750066,0.0742761058553607,-0.014158154219645905,0.03877342850918143,0.0327198974635493,-0.006053531045632131
MorphEM,robustmad_all__tvn_efaar_e0.1,0.4863566215120723,0.4771552646106342,-0.00920135690143814,0.0996854580584241,0.0823964379733734,-0.017289020085050705,0.04848268259517853,0.03931589416415869,-0.00916678843101984
MorphEM,robustmad_all__tvn_efaar_e0.1_c96,0.4317295304858687,0.4336201531230769,0.0018906226372081836,0.0895213329153068,0.0779176156040133,-0.011603717311293504,0.038649003027994545,0.03378664840919729,-0.004862354618797256
MorphEM,robustmad_all__tvn_efaar_e0.2,0.4627035354036747,0.454841854439218,-0.007861680964456719,0.0910975615187361,0.0820643430052344,-0.009033218513501709,0.042151163781372944,0.037326297955836876,-0.004824865825536068
MorphEM,robustmad_all__tvn_efaar_e0.2_c96,0.422154461711472,0.4239690437854619,0.0018145820739899343,0.0971445079602218,0.0800151013271784,-0.017129406633043395,0.04100998746617324,0.03392392599808067,-0.007086061468092569
MorphEM,robustmad_ctrl__prune0.9__tvn_efaar_e0.05,0.480356766631462,0.4594518639659765,-0.020904902665485503,0.1166061182112741,0.0790895164703779,-0.0375166017408962,0.056012537913413665,0.03633782576248292,-0.019674712150930744
MorphEM,robustmad_ctrl__prune0.9__tvn_efaar_e0.05_c96,0.4020633174779545,0.4017420094419638,-0.00032130803599067503,0.0975616127912603,0.0842605642028008,-0.0133010485884595,0.039225945697353756,0.0338510083795468,-0.005374937317806958
MorphEM,robustmad_ctrl__prune0.9__tvn_efaar_e0.1,0.4572666427660173,0.434414901061799,-0.02285174170421833,0.1176416123199329,0.0813523011263766,-0.0362893111935563,0.05379358511511706,0.03534065184496457,-0.01845293327015249
MorphEM,robustmad_ctrl__prune0.9__tvn_efaar_e0.1_c96,0.3970718269965914,0.3954552374481758,-0.0016165895484155923,0.0968776859226261,0.0819349033941972,-0.0149427825284289,0.03846739974449911,0.0324015866770456,-0.006065813067453504
MorphEM,robustmad_ctrl__prune0.9__tvn_efaar_e0.2,0.4335419089138655,0.4154760409574682,-0.018065867956397308,0.104981299739379,0.0833236006663418,-0.021657699073037204,0.04551379308926907,0.03461895972317275,-0.01089483336609632
MorphEM,robustmad_ctrl__prune0.9__tvn_efaar_e0.2_c96,0.3889956501942431,0.3848398334630709,-0.004155816731172213,0.0914822439556708,0.0749021905695975,-0.016580053386073296,0.03558619496876453,0.0288253465448231,-0.006760848423941427
MorphEM,robustmad_ctrl__tvn_efaar_e0.05,0.4803530012602708,0.4594518639659765,-0.020901137294294325,0.1166053429204283,0.0790895164703779,-0.0375158264500504,0.0560117264348108,0.03633782576248292,-0.019673900672327882
MorphEM,robustmad_ctrl__tvn_efaar_e0.05_c96,0.4020625942318976,0.4016676063538609,-0.0003949878780367122,0.0975613397641811,0.083837554895297,-0.013723784868884106,0.03922576536232624,0.033674829997354355,-0.005550935364971886
MorphEM,robustmad_ctrl__tvn_efaar_e0.1,0.457264536247594,0.434414901061799,-0.022849635185795025,0.1176424195011266,0.0813521168973246,-0.03629030260380199,0.05379370639622756,0.03534057181311917,-0.01845313458310839
MorphEM,robustmad_ctrl__tvn_efaar_e0.1_c96,0.3970718269965914,0.3954070410904893,-0.0016647859061020842,0.0968776859226261,0.0819387591616583,-0.014938926760967808,0.03846739974449911,0.03239916231073753,-0.006068237433761579
MorphEM,robustmad_ctrl__tvn_efaar_e0.2,0.4335419089138655,0.4154760409574682,-0.018065867956397308,0.104981299739379,0.0833236006663418,-0.021657699073037204,0.04551379308926907,0.03461895972317275,-0.01089483336609632
MorphEM,robustmad_ctrl__tvn_efaar_e0.2_c96,0.3889956501942431,0.3848398334630709,-0.004155816731172213,0.0914822439556708,0.0749021905695975,-0.016580053386073296,0.03558619496876453,0.0288253465448231,-0.006760848423941427
MorphEM,std_all__prune0.9__tvn_efaar_e0.05,0.5009410113117556,0.5003705902792691,-0.0005704210324865011,0.0973981432805041,0.0825701503413326,-0.014827992939171503,0.048790724394822994,0.04131567486574059,-0.007475049529082407
MorphEM,std_all__prune0.9__tvn_efaar_e0.05_c96,0.4405966437643834,0.4380034238134862,-0.0025932199508971743,0.0880064800294294,0.0835447526134766,-0.004461727415952799,0.03877535973048383,0.03659288768635345,-0.0021824720441303777
MorphEM,std_all__prune0.9__tvn_efaar_e0.1,0.47646731259853,0.476848268130409,0.00038095553187900144,0.0958483309332484,0.0828294020165247,-0.01301892891672371,0.04566859665681942,0.0394970569018572,-0.0061715397549622145
MorphEM,std_all__prune0.9__tvn_efaar_e0.1_c96,0.4326558359054739,0.4311367616891876,-0.0015190742162863313,0.0852484050996719,0.0821578573660815,-0.003090547733590396,0.03688321996800701,0.035421272572134545,-0.001461947395872465
MorphEM,std_all__prune0.9__tvn_efaar_e0.2,0.4526284166354378,0.4535240130777238,0.0008955964422859841,0.0976215916255976,0.0852653541188565,-0.0123562375067411,0.044186306446925554,0.03866988557647702,-0.005516420870448534
MorphEM,std_all__prune0.9__tvn_efaar_e0.2_c96,0.4234525445020594,0.4228867177267668,-0.0005658267752925994,0.0888167385600818,0.0805566663620045,-0.008260072198077312,0.037609673937640815,0.03406634422883832,-0.0035433297088024937
MorphEM,std_all__tvn_efaar_e0.05,0.5009410113117556,0.5003705902792691,-0.0005704210324865011,0.0973981432805041,0.0825701503413326,-0.014827992939171503,0.048790724394822994,0.04131567486574059,-0.007475049529082407
MorphEM,std_all__tvn_efaar_e0.05_c96,0.4405966437643834,0.4380034238134862,-0.0025932199508971743,0.0880064800294294,0.0835447526134766,-0.004461727415952799,0.03877535973048383,0.03659288768635345,-0.0021824720441303777
MorphEM,std_all__tvn_efaar_e0.1,0.47646731259853,0.476848268130409,0.00038095553187900144,0.0958483309332484,0.0828294020165247,-0.01301892891672371,0.04566859665681942,0.0394970569018572,-0.0061715397549622145
MorphEM,std_all__tvn_efaar_e0.1_c96,0.4326558359054739,0.4311367616891876,-0.0015190742162863313,0.0852484050996719,0.0821578573660815,-0.003090547733590396,0.03688321996800701,0.035421272572134545,-0.001461947395872465
MorphEM,std_all__tvn_efaar_e0.2,0.4526284166354378,0.4535240130777238,0.0008955964422859841,0.0976215916255976,0.0852653541188565,-0.0123562375067411,0.044186306446925554,0.03866988557647702,-0.005516420870448534
MorphEM,std_all__tvn_efaar_e0.2_c96,0.4234525445020594,0.4228867177267668,-0.0005658267752925994,0.0888167385600818,0.0805566663620045,-0.008260072198077312,0.037609673937640815,0.03406634422883832,-0.0035433297088024937
MorphEM,std_ctrl__prune0.9__tvn_efaar_e0.05,0.4749001605417725,0.4661229400827072,-0.00877722045906526,0.0904772491685619,0.0734104404980848,-0.017066808670477093,0.042967660155528,0.034218290357733924,-0.008749369797794074
MorphEM,std_ctrl__prune0.9__tvn_efaar_e0.05_c96,0.4074818748381459,0.4150481144142307,0.007566239576084766,0.1086078354432386,0.086735683694749,-0.021872151748489596,0.0442557244085237,0.03599948196993471,-0.008256242438588988
MorphEM,std_ctrl__prune0.9__tvn_efaar_e0.1,0.454495324272756,0.4431392494119348,-0.011356074860821241,0.0920532836705724,0.0731198507604754,-0.018933432910096998,0.0418377870122288,0.03240227578310976,-0.009435511229119044
MorphEM,std_ctrl__prune0.9__tvn_efaar_e0.1_c96,0.3972483822682316,0.4070236960058777,0.009775313737646063,0.1011364584875335,0.0838293777898339,-0.017307080697699595,0.04017629452251084,0.03412054318189123,-0.006055751340619614
MorphEM,std_ctrl__prune0.9__tvn_efaar_e0.2,0.4331093900889556,0.422523045948751,-0.010586344140204595,0.0919833415237383,0.0744712301530287,-0.0175121113707096,0.0398388489456904,0.03146581099980816,-0.00837303794588224
MorphEM,std_ctrl__prune0.9__tvn_efaar_e0.2_c96,0.3862210334798485,0.3956224901983719,0.009401456718523438,0.095618473859618,0.0823081642521147,-0.013310309607503304,0.03692986579382754,0.03256296090507823,-0.004366904888749308
MorphEM,std_ctrl__tvn_efaar_e0.05,0.4749001605417725,0.4661229400827072,-0.00877722045906526,0.0904772491685619,0.0734104404980848,-0.017066808670477093,0.042967660155528,0.034218290357733924,-0.008749369797794074
MorphEM,std_ctrl__tvn_efaar_e0.05_c96,0.4074818748381459,0.4150481144142307,0.007566239576084766,0.1086078354432386,0.086735683694749,-0.021872151748489596,0.0442557244085237,0.03599948196993471,-0.008256242438588988
MorphEM,std_ctrl__tvn_efaar_e0.1,0.454495324272756,0.4431392494119348,-0.011356074860821241,0.0920532836705724,0.0731198507604754,-0.018933432910096998,0.0418377870122288,0.03240227578310976,-0.009435511229119044
MorphEM,std_ctrl__tvn_efaar_e0.1_c96,0.3972483822682316,0.4070236960058777,0.009775313737646063,0.1011364584875335,0.0838293777898339,-0.017307080697699595,0.04017629452251084,0.03412054318189123,-0.006055751340619614
MorphEM,std_ctrl__tvn_efaar_e0.2,0.4331093900889556,0.422523045948751,-0.010586344140204595,0.0919833415237383,0.0744712301530287,-0.0175121113707096,0.0398388489456904,0.03146581099980816,-0.00837303794588224
MorphEM,std_ctrl__tvn_efaar_e0.2_c96,0.3862210334798485,0.3956224901983719,0.009401456718523438,0.095618473859618,0.0823081642521147,-0.013310309607503304,0.03692986579382754,0.03256296090507823,-0.004366904888749308
OpenPhenom,robustmad_all__prune0.9__tvn_efaar_e0.05,0.4131720509202766,0.411242519458258,-0.0019295314620185744,0.0405232845792588,0.0393083344400491,-0.0012149501392096987,0.016743088599638377,0.016165258490833605,-0.0005778301088047721
OpenPhenom,robustmad_all__prune0.9__tvn_efaar_e0.05_c96,0.3288387267290789,0.3282292527409086,-0.0006094739881702949,0.0312087219738653,0.0279073790432107,-0.0033013429306546008,0.010262636396727691,0.00916001816931034,-0.0011026182274173502
OpenPhenom,robustmad_all__prune0.9__tvn_efaar_e0.1,0.3760301990369173,0.3758495182548629,-0.00018068078205440985,0.0450996445570574,0.0410673170594338,-0.004032327497623604,0.016958828319284518,0.015435131332807906,-0.001523696986476612
OpenPhenom,robustmad_all__prune0.9__tvn_efaar_e0.1_c96,0.3084996282810891,0.3122858688142932,0.0037862405332040883,0.0354931738434563,0.029271385651752,-0.006221788191704301,0.010949630937222343,0.00914104009965561,-0.0018085908375667335
OpenPhenom,robustmad_all__prune0.9__tvn_efaar_e0.2,0.3413475553926549,0.3433864838663343,0.0020389284736794244,0.0480418049017311,0.0392388757804285,-0.008802929121302601,0.016398952659856775,0.013474099585109207,-0.0029248530747475673
OpenPhenom,robustmad_all__prune0.9__tvn_efaar_e0.2_c96,0.2946355059380228,0.2974314466863264,0.0027959407483035825,0.0372380209504628,0.0338488249487262,-0.003389196001736601,0.0109716431428703,0.010067704973131851,-0.000903938169738449
OpenPhenom,robustmad_all__tvn_efaar_e0.05,0.4131720509202766,0.411242519458258,-0.0019295314620185744,0.0405232845792588,0.0393083344400491,-0.0012149501392096987,0.016743088599638377,0.016165258490833605,-0.0005778301088047721
OpenPhenom,robustmad_all__tvn_efaar_e0.05_c96,0.3288387267290789,0.3282292527409086,-0.0006094739881702949,0.0312087219738653,0.0279073790432107,-0.0033013429306546008,0.010262636396727691,0.00916001816931034,-0.0011026182274173502
OpenPhenom,robustmad_all__tvn_efaar_e0.1,0.3760301990369173,0.3758495182548629,-0.00018068078205440985,0.0450996445570574,0.0410673170594338,-0.004032327497623604,0.016958828319284518,0.015435131332807906,-0.001523696986476612
OpenPhenom,robustmad_all__tvn_efaar_e0.1_c96,0.3084996282810891,0.3122858688142932,0.0037862405332040883,0.0354931738434563,0.029271385651752,-0.006221788191704301,0.010949630937222343,0.00914104009965561,-0.0018085908375667335
OpenPhenom,robustmad_all__tvn_efaar_e0.2,0.3413475553926549,0.3433864838663343,0.0020389284736794244,0.0480418049017311,0.0392388757804285,-0.008802929121302601,0.016398952659856775,0.013474099585109207,-0.0029248530747475673
OpenPhenom,robustmad_all__tvn_efaar_e0.2_c96,0.2946355059380228,0.2974314466863264,0.0027959407483035825,0.0372380209504628,0.0338488249487262,-0.003389196001736601,0.0109716431428703,0.010067704973131851,-0.000903938169738449
OpenPhenom,robustmad_ctrl__prune0.9__tvn_efaar_e0.05,0.3827093790717819,0.4010542754544257,0.018344896382643805,0.0364103902400517,0.0323251067892213,-0.004085283450830403,0.013934597840531453,0.012964122282338085,-0.0009704755581933684
OpenPhenom,robustmad_ctrl__prune0.9__tvn_efaar_e0.05_c96,0.2976498688644258,0.3042046510962136,0.006554782231787792,0.0374707672669551,0.0380723704226414,0.0006016031556863033,0.011153168963258603,0.01158179216082543,0.000428623197566827
OpenPhenom,robustmad_ctrl__prune0.9__tvn_efaar_e0.1,0.3592531782883701,0.3653587453342041,0.006105567045833982,0.0373385026694948,0.0317635527059828,-0.005574949963512002,0.013413975756544799,0.01160509176401474,-0.0018088839925300589
OpenPhenom,robustmad_ctrl__prune0.9__tvn_efaar_e0.1_c96,0.285006756295251,0.2855701827800354,0.0005634264847843573,0.0367876614806601,0.0390109577340979,0.002223296253437798,0.010484732070290687,0.011140366330550572,0.0006556342602598852
OpenPhenom,robustmad_ctrl__prune0.9__tvn_efaar_e0.2,0.3298220575497114,0.3288676334423474,-0.0009544241073640158,0.0384733580871446,0.0321600298337208,-0.006313328253423803,0.012689362125148861,0.010576392902851048,-0.002112969222297813
OpenPhenom,robustmad_ctrl__prune0.9__tvn_efaar_e0.2_c96,0.2739251455514397,0.2719461075568661,-0.001979037994573607,0.035820348118422,0.0360755596798548,0.00025521156143279433,0.009812094072041987,0.009810608032871935,-1.4860391700528136e-06
OpenPhenom,robustmad_ctrl__tvn_efaar_e0.05,0.3827099841163586,0.4010540870242415,0.01834410290788291,0.0364105375672884,0.0323401669098431,-0.004070370657445296,0.01393467625404502,0.01297015611423871,-0.0009645201398063089
OpenPhenom,robustmad_ctrl__tvn_efaar_e0.05_c96,0.2976520324695186,0.3042072385124605,0.006555206042941908,0.0374714850798726,0.0380810718378979,0.0006095867580252975,0.011153463693675321,0.01158453770340155,0.00043107400972622854
OpenPhenom,robustmad_ctrl__tvn_efaar_e0.1,0.3592531782883701,0.3653559943881186,0.006102816099748498,0.0373385026694948,0.031756202063006,-0.005582300606488802,0.013413975756544799,0.01160231878271958,-0.0018116569738252184
OpenPhenom,robustmad_ctrl__tvn_efaar_e0.1_c96,0.2850047154711738,0.2855701827800354,0.0005654673088615891,0.0367872705120848,0.0390109577340979,0.0022236872220130974,0.01048454556525783,0.011140366330550572,0.000655820765292742
OpenPhenom,robustmad_ctrl__tvn_efaar_e0.2,0.3298220575497114,0.3288676334423474,-0.0009544241073640158,0.0384733580871446,0.0321600298337208,-0.006313328253423803,0.012689362125148861,0.010576392902851048,-0.002112969222297813
OpenPhenom,robustmad_ctrl__tvn_efaar_e0.2_c96,0.2739251455514397,0.2719461075568661,-0.001979037994573607,0.035820348118422,0.0360755596798548,0.00025521156143279433,0.009812094072041987,0.009810608032871935,-1.4860391700528136e-06
OpenPhenom,std_all__prune0.9__tvn_efaar_e0.05,0.4219044426401833,0.4279306408592858,0.0060261982191024965,0.0466857766318675,0.0380786341168924,-0.008607142514975102,0.01969693656909215,0.016295014300688027,-0.0034019222684041235
OpenPhenom,std_all__prune0.9__tvn_efaar_e0.05_c96,0.354758633218167,0.3556296007087938,0.0008709674906268172,0.0455054070055443,0.0326067337110072,-0.012898673294537095,0.016143435993323296,0.011595919690063457,-0.004547516303259839
OpenPhenom,std_all__prune0.9__tvn_efaar_e0.1,0.3913704857956958,0.392737487214883,0.0013670014191872193,0.0411083924037439,0.0411615557736777,5.3163369933800775e-05,0.01608861150533334,0.01616568598440944,7.707447907609813e-05
OpenPhenom,std_all__prune0.9__tvn_efaar_e0.1_c96,0.3449921191725197,0.338576737978809,-0.006415381193710712,0.0443958392645574,0.03465144484366,-0.009744394420897404,0.015316214670322218,0.011732173161419024,-0.0035840415089031935
OpenPhenom,std_all__prune0.9__tvn_efaar_e0.2,0.3637713264345818,0.3604222002373213,-0.0033491261972605213,0.0409966913073166,0.0458673319415923,0.004870640634275704,0.01491342077629165,0.016531604697404265,0.0016181839211126155
OpenPhenom,std_all__prune0.9__tvn_efaar_e0.2_c96,0.3334924126556382,0.3238632315052055,-0.009629181150432709,0.0442240483954225,0.0391900177875575,-0.005034030607865003,0.014748384596789156,0.012692205803424856,-0.0020561787933643
OpenPhenom,std_all__tvn_efaar_e0.05,0.4219044426401833,0.4279306408592858,0.0060261982191024965,0.0466857766318675,0.0380786341168924,-0.008607142514975102,0.01969693656909215,0.016295014300688027,-0.0034019222684041235
OpenPhenom,std_all__tvn_efaar_e0.05_c96,0.354758633218167,0.3556296007087938,0.0008709674906268172,0.0455054070055443,0.0326067337110072,-0.012898673294537095,0.016143435993323296,0.011595919690063457,-0.004547516303259839
OpenPhenom,std_all__tvn_efaar_e0.1,0.3913704857956958,0.392737487214883,0.0013670014191872193,0.0411083924037439,0.0411615557736777,5.3163369933800775e-05,0.01608861150533334,0.01616568598440944,7.707447907609813e-05
OpenPhenom,std_all__tvn_efaar_e0.1_c96,0.3449921191725197,0.338576737978809,-0.006415381193710712,0.0443958392645574,0.03465144484366,-0.009744394420897404,0.015316214670322218,0.011732173161419024,-0.0035840415089031935
OpenPhenom,std_all__tvn_efaar_e0.2,0.3637713264345818,0.3604222002373213,-0.0033491261972605213,0.0409966913073166,0.0458673319415923,0.004870640634275704,0.01491342077629165,0.016531604697404265,0.0016181839211126155
OpenPhenom,std_all__tvn_efaar_e0.2_c96,0.3334924126556382,0.3238632315052055,-0.009629181150432709,0.0442240483954225,0.0391900177875575,-0.005034030607865003,0.014748384596789156,0.012692205803424856,-0.0020561787933643
OpenPhenom,std_ctrl__prune0.9__tvn_efaar_e0.05,0.3941119536584205,0.3893434858414144,-0.004768467817006072,0.0372843035010357,0.0358874403748876,-0.001396863126148097,0.014694189693586665,0.013972541133484655,-0.00072164856010201
OpenPhenom,std_ctrl__prune0.9__tvn_efaar_e0.05_c96,0.3125230766456003,0.3199362629760615,0.0074131863304611745,0.0270196559074654,0.0279811607759389,0.0009615048684734999,0.008444265994106557,0.008952188012386245,0.0005079220182796877
OpenPhenom,std_ctrl__prune0.9__tvn_efaar_e0.1,0.3649971332801787,0.3575401569554151,-0.007456976324763609,0.0373420831568045,0.037316236432354,-2.584672445049563e-05,0.013629753302943687,0.013342053031009228,-0.00028770027193445943
OpenPhenom,std_ctrl__prune0.9__tvn_efaar_e0.1_c96,0.2983212038919806,0.3023450607479674,0.004023856855986829,0.0284998447287002,0.0311090661256994,0.0026092213969991992,0.008502107990200361,0.00940567248758712,0.0009035644973867593
OpenPhenom,std_ctrl__prune0.9__tvn_efaar_e0.2,0.3376955071067909,0.3258569631945466,-0.011838543912244315,0.0366821081622042,0.0397287779461907,0.0030466697839865026,0.012387383117581701,0.012945898932976178,0.0005585158153944766
OpenPhenom,std_ctrl__prune0.9__tvn_efaar_e0.2_c96,0.2876907124806583,0.2877549089206808,6.419644002247926e-05,0.0314349190544748,0.0357049740484285,0.004270054993953699,0.009043534259553676,0.010274281555320813,0.0012307472957671373
OpenPhenom,std_ctrl__tvn_efaar_e0.05,0.3941119536584205,0.3893434858414144,-0.004768467817006072,0.0372843035010357,0.0358874403748876,-0.001396863126148097,0.014694189693586665,0.013972541133484655,-0.00072164856010201
OpenPhenom,std_ctrl__tvn_efaar_e0.05_c96,0.3125230766456003,0.3199362629760615,0.0074131863304611745,0.0270196559074654,0.0279811607759389,0.0009615048684734999,0.008444265994106557,0.008952188012386245,0.0005079220182796877
OpenPhenom,std_ctrl__tvn_efaar_e0.1,0.3649971332801787,0.3575401569554151,-0.007456976324763609,0.0373420831568045,0.037316236432354,-2.584672445049563e-05,0.013629753302943687,0.013342053031009228,-0.00028770027193445943
OpenPhenom,std_ctrl__tvn_efaar_e0.1_c96,0.2983212038919806,0.3023450607479674,0.004023856855986829,0.0284998447287002,0.0311090661256994,0.0026092213969991992,0.008502107990200361,0.00940567248758712,0.0009035644973867593
OpenPhenom,std_ctrl__tvn_efaar_e0.2,0.3376955071067909,0.3258569631945466,-0.011838543912244315,0.0366821081622042,0.0397287779461907,0.0030466697839865026,0.012387383117581701,0.012945898932976178,0.0005585158153944766
OpenPhenom,std_ctrl__tvn_efaar_e0.2_c96,0.2876907124806583,0.2877549089206808,6.419644002247926e-05,0.0314349190544748,0.0357049740484285,0.004270054993953699,0.009043534259553676,0.010274281555320813,0.0012307472957671373
SubCell,robustmad_all__prune0.9__tvn_efaar_e0.05,0.4758882365441243,0.4631488528907396,-0.012739383653384728,0.0544938904362187,0.0621133799796154,0.007619489543396696,0.02593300142212084,0.028767740686725503,0.002834739264604664
SubCell,robustmad_all__prune0.9__tvn_efaar_e0.05_c96,0.3897396205669667,0.3893187117158132,-0.00042090885115347865,0.0481643225147316,0.0607065567569994,0.012542234242267802,0.018771544781756504,0.023634198469337904,0.0048626536875814
SubCell,robustmad_all__prune0.9__tvn_efaar_e0.1,0.4448446593517781,0.4309338296830778,-0.013910829668700275,0.052044778656758,0.0600983330784048,0.008053554421646798,0.023151841832604204,0.025898404831046176,0.0027465629984419725
SubCell,robustmad_all__prune0.9__tvn_efaar_e0.1_c96,0.3766805520262597,0.372842324315156,-0.0038382277111037033,0.0481526974086332,0.0598699114187636,0.0117172140101304,0.018138184641437398,0.02232203692991432,0.004183852288476921
SubCell,robustmad_all__prune0.9__tvn_efaar_e0.2,0.4151214230956532,0.4044522385884784,-0.0106691845071748,0.0531156022526505,0.0595213013252896,0.006405699072639097,0.022049424395702958,0.024073523564712745,0.0020240991690097868
SubCell,robustmad_all__prune0.9__tvn_efaar_e0.2_c96,0.3647296989144489,0.3558818654695964,-0.008847833444852515,0.0505136225706862,0.0580345918630124,0.0075209692923262,0.01842381835128449,0.02065345881397551,0.0022296404626910224
SubCell,robustmad_all__tvn_efaar_e0.05,0.4758882365441243,0.4631488528907396,-0.012739383653384728,0.0544938904362187,0.0621133799796154,0.007619489543396696,0.02593300142212084,0.028767740686725503,0.002834739264604664
SubCell,robustmad_all__tvn_efaar_e0.05_c96,0.3897396205669667,0.3893187117158132,-0.00042090885115347865,0.0481643225147316,0.0607065567569994,0.012542234242267802,0.018771544781756504,0.023634198469337904,0.0048626536875814
SubCell,robustmad_all__tvn_efaar_e0.1,0.4448446593517781,0.4309338296830778,-0.013910829668700275,0.052044778656758,0.0600983330784048,0.008053554421646798,0.023151841832604204,0.025898404831046176,0.0027465629984419725
SubCell,robustmad_all__tvn_efaar_e0.1_c96,0.3766805520262597,0.372842324315156,-0.0038382277111037033,0.0481526974086332,0.0598699114187636,0.0117172140101304,0.018138184641437398,0.02232203692991432,0.004183852288476921
SubCell,robustmad_all__tvn_efaar_e0.2,0.4151214230956532,0.4044522385884784,-0.0106691845071748,0.0531156022526505,0.0595213013252896,0.006405699072639097,0.022049424395702958,0.024073523564712745,0.0020240991690097868
SubCell,robustmad_all__tvn_efaar_e0.2_c96,0.3647296989144489,0.3558818654695964,-0.008847833444852515,0.0505136225706862,0.0580345918630124,0.0075209692923262,0.01842381835128449,0.02065345881397551,0.0022296404626910224
SubCell,robustmad_ctrl__prune0.9__tvn_efaar_e0.05,0.4638343129582954,0.4505317221572089,-0.013302590801086533,0.0622874528968337,0.0588102282997315,-0.003477224597102195,0.028891057920325047,0.026495873436336657,-0.002395184483988389
SubCell,robustmad_ctrl__prune0.9__tvn_efaar_e0.05_c96,0.3825788864255602,0.3849400481539496,0.002361161728389405,0.0524906617073662,0.0572875277096132,0.004796866002246998,0.020081818903744955,0.022052263675159226,0.001970444771414271
SubCell,robustmad_ctrl__prune0.9__tvn_efaar_e0.1,0.4299606103021081,0.4173892629469425,-0.012571347355165574,0.0588696922781405,0.0557362384180965,-0.0031334538600439957,0.02531164882020659,0.02326370747276436,-0.002047941347442229
SubCell,robustmad_ctrl__prune0.9__tvn_efaar_e0.1_c96,0.3649024961696065,0.3634291919022654,-0.0014733042673411023,0.0510266806816301,0.0560379196445094,0.005011238962879305,0.018619763151976262,0.02036581585228814,0.0017460527003118759
SubCell,robustmad_ctrl__prune0.9__tvn_efaar_e0.2,0.3938944105772065,0.3853209002462785,-0.008573510330927958,0.0557180377378804,0.0540091851190172,-0.0017088526188632006,0.021947023633280948,0.020810867831627618,-0.0011361558016533303
SubCell,robustmad_ctrl__prune0.9__tvn_efaar_e0.2_c96,0.3496824061526378,0.3440893446476368,-0.005593061505000996,0.0555897872372022,0.0534492027560908,-0.0021405844811113947,0.01943877055861806,0.018391301148281948,-0.001047469410336111
SubCell,robustmad_ctrl__tvn_efaar_e0.05,0.4638343129582954,0.4505317221572089,-0.013302590801086533,0.0622874528968337,0.0588102282997315,-0.003477224597102195,0.028891057920325047,0.026495873436336657,-0.002395184483988389
SubCell,robustmad_ctrl__tvn_efaar_e0.05_c96,0.3825805302428591,0.3849379339989637,0.0023574037561046035,0.0524893404292782,0.057312457679213,0.004823117249934804,0.020081399693531194,0.022061739051439294,0.0019803393579081
SubCell,robustmad_ctrl__tvn_efaar_e0.1,0.4299611372400576,0.4173325272406079,-0.012628609999449703,0.0588697753216318,0.0557378563171287,-0.003131919004503096,0.025311715546355484,0.0232612204398012,-0.002050495106554282
SubCell,robustmad_ctrl__tvn_efaar_e0.1_c96,0.3649014879616633,0.3634300696978077,-0.0014714182638555506,0.0510266806816301,0.0560372498056404,0.0050105691240103015,0.018619711706471483,0.020365621602537354,0.0017459098960658712
SubCell,robustmad_ctrl__tvn_efaar_e0.2,0.3938944105772065,0.3853209002462785,-0.008573510330927958,0.0557180377378804,0.0540091851190172,-0.0017088526188632006,0.021947023633280948,0.020810867831627618,-0.0011361558016533303
SubCell,robustmad_ctrl__tvn_efaar_e0.2_c96,0.3496824061526378,0.3440893446476368,-0.005593061505000996,0.0555897872372022,0.0534492027560908,-0.0021405844811113947,0.01943877055861806,0.018391301148281948,-0.001047469410336111
SubCell,std_all__prune0.9__tvn_efaar_e0.05,0.4554546314957267,0.4650738115161292,0.009619180020402518,0.0571815867816773,0.0569251670283255,-0.0002564197533517984,0.02604361853598975,0.026474404401055626,0.00043078586506587607
SubCell,std_all__prune0.9__tvn_efaar_e0.05_c96,0.3979097154752888,0.3971392263244557,-0.0007704891508331091,0.0509361343748455,0.0633553695528476,0.012419235178002093,0.020267982736505853,0.025160902447717872,0.004892919711212019
SubCell,std_all__prune0.9__tvn_efaar_e0.1,0.4291904976004549,0.4325301100153818,0.0033396124149268624,0.0555939504541223,0.059227498749192,0.003633548295069698,0.023860395258979785,0.0256176765499239,0.0017572812909441154
SubCell,std_all__prune0.9__tvn_efaar_e0.1_c96,0.3814715091430193,0.3798586975274339,-0.0016128116155854078,0.0535595756633445,0.0592765559677979,0.0057169803044533965,0.020431452157355756,0.022516715343839748,0.002085263186483992
SubCell,std_all__prune0.9__tvn_efaar_e0.2,0.4028037467138919,0.4043601666482182,0.001556419934326314,0.0522547925740057,0.0597379576053152,0.0074831650313095036,0.021048426232566753,0.02415565049250945,0.003107224259942698
SubCell,std_all__prune0.9__tvn_efaar_e0.2_c96,0.3661122010354798,0.3657231451572614,-0.0003890558782184139,0.0562000979612872,0.0597126212305089,0.003512523269221697,0.02057554156301644,0.021838287642005974,0.0012627460789895358
SubCell,std_all__tvn_efaar_e0.05,0.4554546314957267,0.4650738115161292,0.009619180020402518,0.0571815867816773,0.0569251670283255,-0.0002564197533517984,0.02604361853598975,0.026474404401055626,0.00043078586506587607
SubCell,std_all__tvn_efaar_e0.05_c96,0.3979097154752888,0.3971392263244557,-0.0007704891508331091,0.0509361343748455,0.0633553695528476,0.012419235178002093,0.020267982736505853,0.025160902447717872,0.004892919711212019
SubCell,std_all__tvn_efaar_e0.1,0.4291904976004549,0.4325301100153818,0.0033396124149268624,0.0555939504541223,0.059227498749192,0.003633548295069698,0.023860395258979785,0.0256176765499239,0.0017572812909441154
SubCell,std_all__tvn_efaar_e0.1_c96,0.3814715091430193,0.3798586975274339,-0.0016128116155854078,0.0535595756633445,0.0592765559677979,0.0057169803044533965,0.020431452157355756,0.022516715343839748,0.002085263186483992
SubCell,std_all__tvn_efaar_e0.2,0.4028037467138919,0.4043601666482182,0.001556419934326314,0.0522547925740057,0.0597379576053152,0.0074831650313095036,0.021048426232566753,0.02415565049250945,0.003107224259942698
SubCell,std_all__tvn_efaar_e0.2_c96,0.3661122010354798,0.3657231451572614,-0.0003890558782184139,0.0562000979612872,0.0597126212305089,0.003512523269221697,0.02057554156301644,0.021838287642005974,0.0012627460789895358
SubCell,std_ctrl__prune0.9__tvn_efaar_e0.05,0.4548599470142176,0.4427529493289656,-0.01210699768525203,0.0621903856111446,0.0562560686062273,-0.005934317004917304,0.028287915503878994,0.024907540293059766,-0.003380375210819228
SubCell,std_ctrl__prune0.9__tvn_efaar_e0.05_c96,0.3912615726486982,0.3874034051586286,-0.0038581674900696195,0.0567120498546357,0.0522088515669481,-0.004503198287687603,0.02218924581425614,0.020225886876457096,-0.001963358937799045
SubCell,std_ctrl__prune0.9__tvn_efaar_e0.1,0.4246141489816767,0.4121291443530462,-0.012485004628630503,0.0617958841614738,0.0556863500805713,-0.0061095340809025,0.026239406763794472,0.022949967810850038,-0.003289438952944434
SubCell,std_ctrl__prune0.9__tvn_efaar_e0.1_c96,0.3680114091338137,0.3639668729166738,-0.004044536217139905,0.0557467852833524,0.0500404010585952,-0.005706384224757194,0.020515453006806662,0.018213048292793108,-0.002302404714013554
SubCell,std_ctrl__prune0.9__tvn_efaar_e0.2,0.3931257236344447,0.3830541526681985,-0.010071570966246224,0.0584267573402143,0.0503884811234189,-0.008038276216795398,0.02296906125898585,0.01930151694096874,-0.0036675443180171075
SubCell,std_ctrl__prune0.9__tvn_efaar_e0.2_c96,0.3484444996331489,0.3454172451772083,-0.003027254455940598,0.0563266293245524,0.0477543968504174,-0.008572232474135001,0.019626704171015513,0.01649519220517033,-0.0031315119658451816
SubCell,std_ctrl__tvn_efaar_e0.05,0.4548599470142176,0.4427529493289656,-0.01210699768525203,0.0621903856111446,0.0562560686062273,-0.005934317004917304,0.028287915503878994,0.024907540293059766,-0.003380375210819228
SubCell,std_ctrl__tvn_efaar_e0.05_c96,0.3912615726486982,0.3874034051586286,-0.0038581674900696195,0.0567120498546357,0.0522088515669481,-0.004503198287687603,0.02218924581425614,0.020225886876457096,-0.001963358937799045
SubCell,std_ctrl__tvn_efaar_e0.1,0.4246141489816767,0.4121291443530462,-0.012485004628630503,0.0617958841614738,0.0556863500805713,-0.0061095340809025,0.026239406763794472,0.022949967810850038,-0.003289438952944434
SubCell,std_ctrl__tvn_efaar_e0.1_c96,0.3680114091338137,0.3639668729166738,-0.004044536217139905,0.0557467852833524,0.0500404010585952,-0.005706384224757194,0.020515453006806662,0.018213048292793108,-0.002302404714013554
SubCell,std_ctrl__tvn_efaar_e0.2,0.3931257236344447,0.3830541526681985,-0.010071570966246224,0.0584267573402143,0.0503884811234189,-0.008038276216795398,0.02296906125898585,0.01930151694096874,-0.0036675443180171075
SubCell,std_ctrl__tvn_efaar_e0.2_c96,0.3484444996331489,0.3454172451772083,-0.003027254455940598,0.0563266293245524,0.0477543968504174,-0.008572232474135001,0.019626704171015513,0.01649519220517033,-0.0031315119658451816
cp_measure,robustmad_all__outlier100__INT__prune0.95__tvn_efaar_e0.05,0.4378403930036146,0.4503893347043073,0.012548941700692706,0.0720773881074292,0.0798667991547227,0.0077894110472934985,0.031558391935630856,0.035971154536258085,0.004412762600627229
cp_measure,robustmad_all__outlier100__INT__prune0.95__tvn_efaar_e0.05_c96,0.3536597002865548,0.3508055613039095,-0.0028541389826453045,0.0687210536404394,0.0723122656720615,0.003591212031622104,0.024303867233854054,0.025367544948244964,0.00106367771439091
cp_measure,robustmad_all__outlier100__INT__prune0.95__tvn_efaar_e0.1,0.4019233004281524,0.4129074893839677,0.010984188955815322,0.0757238598321294,0.0793087912509561,0.003584931418826709,0.030435183664888246,0.03274719388150947,0.002312010216621224
cp_measure,robustmad_all__outlier100__INT__prune0.95__tvn_efaar_e0.1_c96,0.3277056915132463,0.3273727193902906,-0.0003329721229556881,0.0695707346571645,0.076384236879648,0.006813502222483503,0.022798725709910664,0.025006115345842492,0.0022073896359318286
cp_measure,robustmad_all__outlier100__INT__prune0.95__tvn_efaar_e0.2,0.3659863118786103,0.3749521393944288,0.00896582751581848,0.0757905248649263,0.0801396753219879,0.004349150457061607,0.027738294670658484,0.030048542712354274,0.00231024804169579
cp_measure,robustmad_all__outlier100__INT__prune0.95__tvn_efaar_e0.2_c96,0.306816384723217,0.3098153116871625,0.002998926963945492,0.0720878086773897,0.0799565856475545,0.007868776970164804,0.02211772084101566,0.0247717745038384,0.002654053662822741
cp_measure,robustmad_all__outlier100__INT__prune0.9__tvn_efaar_e0.05,0.4284932340631336,0.4474463939307057,0.018953159867572067,0.0659490328082108,0.0756540076803828,0.009704974872172006,0.028258714351325945,0.0338511129229932,0.005592398571667254
cp_measure,robustmad_all__outlier100__INT__prune0.9__tvn_efaar_e0.05_c96,0.3452556923772981,0.3469641349364354,0.0017084425591373242,0.0594042929097138,0.0647826736455567,0.0053783807358429025,0.02050967027872706,0.022477264320299995,0.0019675940415729357
cp_measure,robustmad_all__outlier100__INT__prune0.9__tvn_efaar_e0.1,0.3892240400701885,0.4075799792455001,0.018355939175311586,0.0689265109924255,0.0759627787659185,0.007036267773493005,0.026827855076414112,0.03096090779284358,0.004133052716429466
cp_measure,robustmad_all__outlier100__INT__prune0.9__tvn_efaar_e0.1_c96,0.3202222644453965,0.3220864813969044,0.0018642169515079021,0.0684807277625158,0.0659324680760853,-0.002548259686430507,0.02192905371498154,0.02123595665244004,-0.0006930970625414999
cp_measure,robustmad_all__outlier100__INT__prune0.9__tvn_efaar_e0.2,0.3523128343291204,0.368964948735411,0.016652114406290608,0.0709387885317152,0.0752690407567254,0.004330252225010198,0.024992645651482685,0.02777163776416875,0.0027789921126860663
cp_measure,robustmad_all__outlier100__INT__prune0.9__tvn_efaar_e0.2_c96,0.2997314517119908,0.3028156073401144,0.0030841556281236415,0.0716524146004119,0.0654624459737382,-0.006189968626673703,0.021476482246850902,0.01982305033550696,-0.0016534319113439416
cp_measure,robustmad_ctrl__outlier100__INT__prune0.95__tvn_efaar_e0.05,0.4310539457383081,0.449022764874556,0.017968819136247927,0.0899522332146437,0.0786046462575022,-0.011347586957141498,0.038774265055144655,0.03529527559453006,-0.003478989460614597
cp_measure,robustmad_ctrl__outlier100__INT__prune0.95__tvn_efaar_e0.05_c96,0.3629961441151514,0.3636444125645975,0.0006482684494460988,0.0906075736135349,0.0743179801285034,-0.016289593485031506,0.032890199849342903,0.027025318226817047,-0.005864881622525856
cp_measure,robustmad_ctrl__outlier100__INT__prune0.95__tvn_efaar_e0.1,0.3898177479544423,0.4145167657030731,0.024699017748630814,0.0885796331171234,0.0793640420877114,-0.009215591029411996,0.03452991309634778,0.0328977260393207,-0.0016321870570270777
cp_measure,robustmad_ctrl__outlier100__INT__prune0.95__tvn_efaar_e0.1_c96,0.3336077497591783,0.3384589206286498,0.0048511708694715105,0.088750614557865,0.0783144911820117,-0.010436123375853298,0.02960789281239351,0.026506238155045592,-0.003101654657347918
cp_measure,robustmad_ctrl__outlier100__INT__prune0.95__tvn_efaar_e0.2,0.3528309113555373,0.3771799383761819,0.02434902702064462,0.0892549517800959,0.0812586935743329,-0.00799625820576301,0.031491905979565776,0.03064914903489593,-0.0008427569446698459
cp_measure,robustmad_ctrl__outlier100__INT__prune0.95__tvn_efaar_e0.2_c96,0.3156396719840508,0.317342061398791,0.001702389414740213,0.0868840393728953,0.0796884097591333,-0.007195629613761995,0.027424049688310026,0.025288484222554895,-0.0021355654657551314
cp_measure,robustmad_ctrl__outlier100__INT__prune0.9__tvn_efaar_e0.05,0.4250297229030097,0.4424426159320896,0.01741289302907989,0.0819226052784964,0.0883242660994299,0.006401660820933491,0.03481954222101197,0.03907841934331374,0.004258877122301774
cp_measure,robustmad_ctrl__outlier100__INT__prune0.9__tvn_efaar_e0.05_c96,0.3611829916174185,0.3506844481563981,-0.010498543461020415,0.1070282899791049,0.0825632503552239,-0.02446503962388101,0.038656797962349686,0.02895364788882023,-0.009703150073529454
cp_measure,robustmad_ctrl__outlier100__INT__prune0.9__tvn_efaar_e0.1,0.3858315813567975,0.4032206677629587,0.01738908640616116,0.0778824637312667,0.0844049434615512,0.006522479730284497,0.03004951414139806,0.034033817665061444,0.003984303523663385
cp_measure,robustmad_ctrl__outlier100__INT__prune0.9__tvn_efaar_e0.1_c96,0.3332168951546755,0.3268847593055483,-0.0063321358491272295,0.0963719457768522,0.081473648932577,-0.014898296844275197,0.03211276055177743,0.02663249412107017,-0.0054802664307072625
cp_measure,robustmad_ctrl__outlier100__INT__prune0.9__tvn_efaar_e0.2,0.3500508206633819,0.3631547326512599,0.013103911987878025,0.0823783138735245,0.0849066149492961,0.002528301075771608,0.02883659637629291,0.030834239052235094,0.001997642675942185
cp_measure,robustmad_ctrl__outlier100__INT__prune0.9__tvn_efaar_e0.2_c96,0.3119066913857126,0.3040790790457447,-0.007827612339967871,0.0941962708188279,0.0815116335833772,-0.012684637235450713,0.029380447171973162,0.02478598247154753,-0.00459446470042563
cp_measure,std_all__outlier100__INT__prune0.95__tvn_efaar_e0.05,0.4334629909092131,0.447933598747899,0.014470607838685923,0.0688396965420937,0.0846451034593147,0.015805406917221,0.029839460756418548,0.037915385808919067,0.008075925052500519
cp_measure,std_all__outlier100__INT__prune0.95__tvn_efaar_e0.05_c96,0.3616157977808645,0.3565403359349955,-0.005075461845868989,0.1041929362084535,0.0809584327601668,-0.023234503448286703,0.037677811750150635,0.028864946813080616,-0.008812864937070019
cp_measure,std_all__outlier100__INT__prune0.95__tvn_efaar_e0.1,0.3979495780623925,0.4153747551043462,0.017425177041953677,0.0717575287116223,0.0839034623337984,0.0121459336221761,0.028555878273590112,0.034851380119308245,0.006295501845718133
cp_measure,std_all__outlier100__INT__prune0.95__tvn_efaar_e0.1_c96,0.3435493265146541,0.3393683512119933,-0.004180975302660761,0.1070098080598218,0.081651406624055,-0.0253584014357668,0.03676314748941418,0.027709903240145575,-0.009053244249268604
cp_measure,std_all__outlier100__INT__prune0.95__tvn_efaar_e0.2,0.3620419490750356,0.3831655497189217,0.021123600643886076,0.07099212442369,0.0812263711812952,0.010234246757605203,0.02570212709533017,0.031123147165354158,0.005421020070023989
cp_measure,std_all__outlier100__INT__prune0.95__tvn_efaar_e0.2_c96,0.3241716020287641,0.3206090609702649,-0.00356254105849918,0.0981634805956623,0.0811146985975763,-0.017048781998085988,0.03182181276541535,0.026006107348255005,-0.005815705417160342
cp_measure,std_all__outlier100__INT__prune0.9__tvn_efaar_e0.05,0.4276077414152398,0.4452411832786852,0.017633441863445454,0.0814334600413725,0.0717161115642594,-0.0097173484771131,0.034821577923919475,0.03193096637301706,-0.0028906115509024152
cp_measure,std_all__outlier100__INT__prune0.9__tvn_efaar_e0.05_c96,0.3407006712277035,0.3527638119062263,0.012063140678522821,0.0700067447610449,0.0700854931016159,7.874834057099156e-05,0.023851344930554512,0.024723625705853552,0.0008722807752990398
cp_measure,std_all__outlier100__INT__prune0.9__tvn_efaar_e0.1,0.3954093025709422,0.4130693007764048,0.0176599982054626,0.0799962670348,0.0735365791589978,-0.0064596878758022,0.03163126815650912,0.030375703334695966,-0.0012555648218131564
cp_measure,std_all__outlier100__INT__prune0.9__tvn_efaar_e0.1_c96,0.3187653024383551,0.3336304599217533,0.014865157483398173,0.0786143080631262,0.0808011597986843,0.00218685173555809,0.025059513685724445,0.026957728105846124,0.0018982144201216793
cp_measure,std_all__outlier100__INT__prune0.9__tvn_efaar_e0.2,0.3592126882719485,0.3781339435313564,0.018921255259407854,0.0775339360330844,0.0801126336651108,0.0025786976320264082,0.02785117359474954,0.03029330609447125,0.002442132499721708
cp_measure,std_all__outlier100__INT__prune0.9__tvn_efaar_e0.2_c96,0.3037331612320718,0.317593647544406,0.01386048631233422,0.078543263489651,0.0823778576453754,0.0038345941557244023,0.023856193713195264,0.026162684286488606,0.002306490573293341
cp_measure,std_ctrl__outlier100__INT__prune0.95__tvn_efaar_e0.05,0.4376476578662382,0.4631786867307924,0.02553102886455416,0.0784571149059205,0.0832170140837873,0.004759899177866803,0.03433657258151843,0.038544347296986456,0.0042077747154680226
cp_measure,std_ctrl__outlier100__INT__prune0.95__tvn_efaar_e0.05_c96,0.3632227252522759,0.3651637725424048,0.0019410472901288944,0.0758820550273756,0.0722473808477905,-0.003634674179585101,0.02756208682478653,0.026382126146687064,-0.0011799606780994662
cp_measure,std_ctrl__outlier100__INT__prune0.95__tvn_efaar_e0.1,0.4008340080603388,0.4231055193338486,0.022271511273509792,0.0826080347387144,0.0826999652684187,9.193052970429827e-05,0.0331121096623066,0.03499081175378554,0.0018787020914789385
cp_measure,std_ctrl__outlier100__INT__prune0.95__tvn_efaar_e0.1_c96,0.337680153322451,0.3409144033120642,0.0032342499896131915,0.0744358489520408,0.0741650957022655,-0.0002707532497753101,0.025135508886811944,0.025283949347919978,0.00014844046110803338
cp_measure,std_ctrl__outlier100__INT__prune0.95__tvn_efaar_e0.2,0.3650852988555783,0.3834912572498709,0.0184059583942926,0.0850373489486036,0.0837101678878573,-0.0013271810607462936,0.03104588595478704,0.032102117527912165,0.001056231573125125
cp_measure,std_ctrl__outlier100__INT__prune0.95__tvn_efaar_e0.2_c96,0.315875207609384,0.3189387504099714,0.0030635428005874044,0.0749176835627469,0.0778162425897478,0.0028985590270008965,0.023664638848996812,0.02481861517317336,0.0011539763241765477
cp_measure,std_ctrl__outlier100__INT__prune0.9__tvn_efaar_e0.05,0.4255672988736476,0.4589970651276163,0.03342976625396871,0.0868117200467685,0.083215416340251,-0.0035963037065175063,0.03694422921087855,0.03819563187354789,0.0012514026626693348
cp_measure,std_ctrl__outlier100__INT__prune0.9__tvn_efaar_e0.05_c96,0.3560032634809137,0.3563561717557488,0.00035290827483508425,0.0792672447819098,0.0776898629306358,-0.0015773818512739984,0.028219397829500316,0.027685262138190232,-0.0005341356913100836
cp_measure,std_ctrl__outlier100__INT__prune0.9__tvn_efaar_e0.1,0.3886045159782617,0.4171760322445518,0.02857151626629012,0.0924625468920902,0.0845849538366971,-0.007877593055393095,0.03593136328111803,0.03528681542918188,-0.0006445478519361558
cp_measure,std_ctrl__outlier100__INT__prune0.9__tvn_efaar_e0.1_c96,0.3309932644386688,0.3264413780500239,-0.004551886388644899,0.0824355386828286,0.0788814002198179,-0.0035541384630106976,0.027285608054389596,0.025750152990272814,-0.0015354550641167829
cp_measure,std_ctrl__outlier100__INT__prune0.9__tvn_efaar_e0.2,0.3532636966196172,0.3730373122357574,0.019773615616140217,0.0922041412699617,0.0856153909321716,-0.006588750337790092,0.03257237578866407,0.031937735319350936,-0.0006346404693131358
cp_measure,std_ctrl__outlier100__INT__prune0.9__tvn_efaar_e0.2_c96,0.3097355884213544,0.3041435000215348,-0.005592088399819617,0.0814475780906498,0.0801177296415825,-0.0013298484490673057,0.02522721352540163,0.024367286706969964,-0.0008599268184316666
