family,codec,model,config,PA_mean_nap,PC_mean_nap,nap_product
DINOv2,D2-E8,dinov2_jpegxl_lossy_d2_e8_raw,robustmad_all__prune0.9__tvn_efaar_e0.05,0.4844743704846483,0.0522067834654806,0.02529284855446706
DINOv2,D2-E8,dinov2_jpegxl_lossy_d2_e8_raw,robustmad_all__prune0.9__tvn_efaar_e0.05_c96,0.3945603227446563,0.0412332926221882,0.01626902124483543
DINOv2,D2-E8,dinov2_jpegxl_lossy_d2_e8_raw,robustmad_all__prune0.9__tvn_efaar_e0.1,0.4504942239942748,0.0551479945509211,0.024843853010057697
DINOv2,D2-E8,dinov2_jpegxl_lossy_d2_e8_raw,robustmad_all__prune0.9__tvn_efaar_e0.1_c96,0.3757788829988902,0.0430644122748654,0.016182696741652614
DINOv2,D2-E8,dinov2_jpegxl_lossy_d2_e8_raw,robustmad_all__prune0.9__tvn_efaar_e0.2,0.4144526004365751,0.0549974463424307,0.022793834653991412
DINOv2,D2-E8,dinov2_jpegxl_lossy_d2_e8_raw,robustmad_all__prune0.9__tvn_efaar_e0.2_c96,0.3612413617307715,0.0469593327096424,0.01696365329399958
DINOv2,D2-E8,dinov2_jpegxl_lossy_d2_e8_raw,robustmad_all__tvn_efaar_e0.05,0.4844743704846483,0.0522067834654806,0.02529284855446706
DINOv2,D2-E8,dinov2_jpegxl_lossy_d2_e8_raw,robustmad_all__tvn_efaar_e0.05_c96,0.3945603227446563,0.0412332926221882,0.01626902124483543
DINOv2,D2-E8,dinov2_jpegxl_lossy_d2_e8_raw,robustmad_all__tvn_efaar_e0.1,0.4504942239942748,0.0551479945509211,0.024843853010057697
DINOv2,D2-E8,dinov2_jpegxl_lossy_d2_e8_raw,robustmad_all__tvn_efaar_e0.1_c96,0.3757788829988902,0.0430644122748654,0.016182696741652614
DINOv2,D2-E8,dinov2_jpegxl_lossy_d2_e8_raw,robustmad_all__tvn_efaar_e0.2,0.4144526004365751,0.0549974463424307,0.022793834653991412
DINOv2,D2-E8,dinov2_jpegxl_lossy_d2_e8_raw,robustmad_all__tvn_efaar_e0.2_c96,0.3612413617307715,0.0469593327096424,0.01696365329399958
DINOv2,D2-E8,dinov2_jpegxl_lossy_d2_e8_raw,robustmad_ctrl__prune0.9__tvn_efaar_e0.05,0.4619511611136225,0.0480884797209315,0.022214529043273194
DINOv2,D2-E8,dinov2_jpegxl_lossy_d2_e8_raw,robustmad_ctrl__prune0.9__tvn_efaar_e0.05_c96,0.379215843734576,0.0412306599786056,0.015635319511520338
DINOv2,D2-E8,dinov2_jpegxl_lossy_d2_e8_raw,robustmad_ctrl__prune0.9__tvn_efaar_e0.1,0.4303009039054311,0.050875934715214,0.021891960694990283
DINOv2,D2-E8,dinov2_jpegxl_lossy_d2_e8_raw,robustmad_ctrl__prune0.9__tvn_efaar_e0.1_c96,0.3617753579443757,0.0461156520458354,0.016683506525720385
DINOv2,D2-E8,dinov2_jpegxl_lossy_d2_e8_raw,robustmad_ctrl__prune0.9__tvn_efaar_e0.2,0.3941074455476898,0.0503081223247851,0.01982680557972176
DINOv2,D2-E8,dinov2_jpegxl_lossy_d2_e8_raw,robustmad_ctrl__prune0.9__tvn_efaar_e0.2_c96,0.346954767419545,0.0470306907450475,0.016317522369028503
DINOv2,D2-E8,dinov2_jpegxl_lossy_d2_e8_raw,robustmad_ctrl__tvn_efaar_e0.05,0.4619511611136225,0.0480885112537444,0.02221454360989273
DINOv2,D2-E8,dinov2_jpegxl_lossy_d2_e8_raw,robustmad_ctrl__tvn_efaar_e0.05_c96,0.379215843734576,0.0412306599786056,0.015635319511520338
DINOv2,D2-E8,dinov2_jpegxl_lossy_d2_e8_raw,robustmad_ctrl__tvn_efaar_e0.1,0.4303022124106049,0.050877104359107,0.021892530566768972
DINOv2,D2-E8,dinov2_jpegxl_lossy_d2_e8_raw,robustmad_ctrl__tvn_efaar_e0.1_c96,0.3617753579443757,0.0461156520458354,0.016683506525720385
DINOv2,D2-E8,dinov2_jpegxl_lossy_d2_e8_raw,robustmad_ctrl__tvn_efaar_e0.2,0.3941074455476898,0.0503081223247851,0.01982680557972176
DINOv2,D2-E8,dinov2_jpegxl_lossy_d2_e8_raw,robustmad_ctrl__tvn_efaar_e0.2_c96,0.346954767419545,0.0470306907450475,0.016317522369028503
DINOv2,D2-E8,dinov2_jpegxl_lossy_d2_e8_raw,std_all__prune0.9__tvn_efaar_e0.05,0.4690056774912664,0.0423997541799754,0.01988572543464252
DINOv2,D2-E8,dinov2_jpegxl_lossy_d2_e8_raw,std_all__prune0.9__tvn_efaar_e0.05_c96,0.3962838189309568,0.0513757321524979,0.020359371337765813
DINOv2,D2-E8,dinov2_jpegxl_lossy_d2_e8_raw,std_all__prune0.9__tvn_efaar_e0.1,0.4377996950074111,0.0480761649659011,0.021047730359197485
DINOv2,D2-E8,dinov2_jpegxl_lossy_d2_e8_raw,std_all__prune0.9__tvn_efaar_e0.1_c96,0.3805487633562448,0.0474678632022315,0.018063836640772598
DINOv2,D2-E8,dinov2_jpegxl_lossy_d2_e8_raw,std_all__prune0.9__tvn_efaar_e0.2,0.4067372752541389,0.0499243849030832,0.02030610828421893
DINOv2,D2-E8,dinov2_jpegxl_lossy_d2_e8_raw,std_all__prune0.9__tvn_efaar_e0.2_c96,0.3719080433967549,0.0459554749795607,0.017091210783016942
DINOv2,D2-E8,dinov2_jpegxl_lossy_d2_e8_raw,std_all__tvn_efaar_e0.05,0.4690056774912664,0.0423997541799754,0.01988572543464252
DINOv2,D2-E8,dinov2_jpegxl_lossy_d2_e8_raw,std_all__tvn_efaar_e0.05_c96,0.3962838189309568,0.0513757321524979,0.020359371337765813
DINOv2,D2-E8,dinov2_jpegxl_lossy_d2_e8_raw,std_all__tvn_efaar_e0.1,0.4377996950074111,0.0480761649659011,0.021047730359197485
DINOv2,D2-E8,dinov2_jpegxl_lossy_d2_e8_raw,std_all__tvn_efaar_e0.1_c96,0.3805487633562448,0.0474678632022315,0.018063836640772598
DINOv2,D2-E8,dinov2_jpegxl_lossy_d2_e8_raw,std_all__tvn_efaar_e0.2,0.4067372752541389,0.0499243849030832,0.02030610828421893
DINOv2,D2-E8,dinov2_jpegxl_lossy_d2_e8_raw,std_all__tvn_efaar_e0.2_c96,0.3719080433967549,0.0459554749795607,0.017091210783016942
DINOv2,D2-E8,dinov2_jpegxl_lossy_d2_e8_raw,std_ctrl__prune0.9__tvn_efaar_e0.05,0.4663994953244081,0.0538144107131478,0.025099013997792553
DINOv2,D2-E8,dinov2_jpegxl_lossy_d2_e8_raw,std_ctrl__prune0.9__tvn_efaar_e0.05_c96,0.395610876288035,0.052748863278911,0.02086802402496773
DINOv2,D2-E8,dinov2_jpegxl_lossy_d2_e8_raw,std_ctrl__prune0.9__tvn_efaar_e0.1,0.4324588265913461,0.0542345195123515,0.023454196669056994
DINOv2,D2-E8,dinov2_jpegxl_lossy_d2_e8_raw,std_ctrl__prune0.9__tvn_efaar_e0.1_c96,0.371767655462085,0.0510949953341674,0.018995466621229588
DINOv2,D2-E8,dinov2_jpegxl_lossy_d2_e8_raw,std_ctrl__prune0.9__tvn_efaar_e0.2,0.3958997209792059,0.0556503495153439,0.022031957845519937
DINOv2,D2-E8,dinov2_jpegxl_lossy_d2_e8_raw,std_ctrl__prune0.9__tvn_efaar_e0.2_c96,0.3539910198366937,0.0519510237588727,0.01839019588196365
DINOv2,D2-E8,dinov2_jpegxl_lossy_d2_e8_raw,std_ctrl__tvn_efaar_e0.05,0.4663994953244081,0.0538144107131478,0.025099013997792553
DINOv2,D2-E8,dinov2_jpegxl_lossy_d2_e8_raw,std_ctrl__tvn_efaar_e0.05_c96,0.395610876288035,0.052748863278911,0.02086802402496773
DINOv2,D2-E8,dinov2_jpegxl_lossy_d2_e8_raw,std_ctrl__tvn_efaar_e0.1,0.4324588265913461,0.0542345195123515,0.023454196669056994
DINOv2,D2-E8,dinov2_jpegxl_lossy_d2_e8_raw,std_ctrl__tvn_efaar_e0.1_c96,0.371767655462085,0.0510949953341674,0.018995466621229588
DINOv2,D2-E8,dinov2_jpegxl_lossy_d2_e8_raw,std_ctrl__tvn_efaar_e0.2,0.3958997209792059,0.0556503495153439,0.022031957845519937
DINOv2,D2-E8,dinov2_jpegxl_lossy_d2_e8_raw,std_ctrl__tvn_efaar_e0.2_c96,0.3539910198366937,0.0519510237588727,0.01839019588196365
DINOv2,MQ,dinov2_jpegxl_lossy_mq_raw,robustmad_all__prune0.9__tvn_efaar_e0.05,0.4845304950332204,0.0654962706797956,0.03173494045531116
DINOv2,MQ,dinov2_jpegxl_lossy_mq_raw,robustmad_all__prune0.9__tvn_efaar_e0.05_c96,0.4073839417633528,0.0443960498406606,0.018086237782810585
DINOv2,MQ,dinov2_jpegxl_lossy_mq_raw,robustmad_all__prune0.9__tvn_efaar_e0.1,0.451185473255186,0.065271488375195,0.029449547372632726
DINOv2,MQ,dinov2_jpegxl_lossy_mq_raw,robustmad_all__prune0.9__tvn_efaar_e0.1_c96,0.3841951928700274,0.0459698480539573,0.017661394639295978
DINOv2,MQ,dinov2_jpegxl_lossy_mq_raw,robustmad_all__prune0.9__tvn_efaar_e0.2,0.4142324961419432,0.0698828693370304,0.028947755403039368
DINOv2,MQ,dinov2_jpegxl_lossy_mq_raw,robustmad_all__prune0.9__tvn_efaar_e0.2_c96,0.3657292649587116,0.0500574265322541,0.018307465811366
DINOv2,MQ,dinov2_jpegxl_lossy_mq_raw,robustmad_all__tvn_efaar_e0.05,0.4845304950332204,0.0654962706797956,0.03173494045531116
DINOv2,MQ,dinov2_jpegxl_lossy_mq_raw,robustmad_all__tvn_efaar_e0.05_c96,0.4073839417633528,0.0443960498406606,0.018086237782810585
DINOv2,MQ,dinov2_jpegxl_lossy_mq_raw,robustmad_all__tvn_efaar_e0.1,0.451185473255186,0.065271488375195,0.029449547372632726
DINOv2,MQ,dinov2_jpegxl_lossy_mq_raw,robustmad_all__tvn_efaar_e0.1_c96,0.3841951928700274,0.0459698480539573,0.017661394639295978
DINOv2,MQ,dinov2_jpegxl_lossy_mq_raw,robustmad_all__tvn_efaar_e0.2,0.4142324961419432,0.0698828693370304,0.028947755403039368
DINOv2,MQ,dinov2_jpegxl_lossy_mq_raw,robustmad_all__tvn_efaar_e0.2_c96,0.3657292649587116,0.0500574265322541,0.018307465811366
DINOv2,MQ,dinov2_jpegxl_lossy_mq_raw,robustmad_ctrl__prune0.9__tvn_efaar_e0.05,0.4572594914976634,0.0526175941852993,0.024059894361000367
DINOv2,MQ,dinov2_jpegxl_lossy_mq_raw,robustmad_ctrl__prune0.9__tvn_efaar_e0.05_c96,0.3811095527635494,0.0544547213322918,0.020753214492813442
DINOv2,MQ,dinov2_jpegxl_lossy_mq_raw,robustmad_ctrl__prune0.9__tvn_efaar_e0.1,0.422771278541356,0.0532592248357169,0.022516470577917575
DINOv2,MQ,dinov2_jpegxl_lossy_mq_raw,robustmad_ctrl__prune0.9__tvn_efaar_e0.1_c96,0.3596289571840427,0.0535137918566879,0.019245109160384584
DINOv2,MQ,dinov2_jpegxl_lossy_mq_raw,robustmad_ctrl__prune0.9__tvn_efaar_e0.2,0.3901229166863674,0.0522130121673814,0.02036949259571962
DINOv2,MQ,dinov2_jpegxl_lossy_mq_raw,robustmad_ctrl__prune0.9__tvn_efaar_e0.2_c96,0.3424300750669904,0.0544814038750735,0.01865607121869644
DINOv2,MQ,dinov2_jpegxl_lossy_mq_raw,robustmad_ctrl__tvn_efaar_e0.05,0.4572596744755116,0.052617687158981,0.024059946501969957
DINOv2,MQ,dinov2_jpegxl_lossy_mq_raw,robustmad_ctrl__tvn_efaar_e0.05_c96,0.3811095527635494,0.0544547213322918,0.020753214492813442
DINOv2,MQ,dinov2_jpegxl_lossy_mq_raw,robustmad_ctrl__tvn_efaar_e0.1,0.4227708401900762,0.0532532740837096,0.02251393142724232
DINOv2,MQ,dinov2_jpegxl_lossy_mq_raw,robustmad_ctrl__tvn_efaar_e0.1_c96,0.3596289571840427,0.0535146082067974,0.01924540274352316
DINOv2,MQ,dinov2_jpegxl_lossy_mq_raw,robustmad_ctrl__tvn_efaar_e0.2,0.3901229166863674,0.0522130121673814,0.02036949259571962
DINOv2,MQ,dinov2_jpegxl_lossy_mq_raw,robustmad_ctrl__tvn_efaar_e0.2_c96,0.3424300750669904,0.0544814038750735,0.01865607121869644
DINOv2,MQ,dinov2_jpegxl_lossy_mq_raw,std_all__prune0.9__tvn_efaar_e0.05,0.4789813797551098,0.0506363532356568,0.024253870338582013
DINOv2,MQ,dinov2_jpegxl_lossy_mq_raw,std_all__prune0.9__tvn_efaar_e0.05_c96,0.3984613748907272,0.04603040942312,0.01834134022551948
DINOv2,MQ,dinov2_jpegxl_lossy_mq_raw,std_all__prune0.9__tvn_efaar_e0.1,0.4413152048750224,0.0461379172528369,0.020361364404942548
DINOv2,MQ,dinov2_jpegxl_lossy_mq_raw,std_all__prune0.9__tvn_efaar_e0.1_c96,0.3787262156624644,0.0475840198952642,0.018021315780940825
DINOv2,MQ,dinov2_jpegxl_lossy_mq_raw,std_all__prune0.9__tvn_efaar_e0.2,0.4037785580714522,0.048801602147043,0.01970504054650971
DINOv2,MQ,dinov2_jpegxl_lossy_mq_raw,std_all__prune0.9__tvn_efaar_e0.2_c96,0.3667239922143348,0.0455894309632632,0.01671873812562769
DINOv2,MQ,dinov2_jpegxl_lossy_mq_raw,std_all__tvn_efaar_e0.05,0.4789813797551098,0.0506363532356568,0.024253870338582013
DINOv2,MQ,dinov2_jpegxl_lossy_mq_raw,std_all__tvn_efaar_e0.05_c96,0.3984613748907272,0.04603040942312,0.01834134022551948
DINOv2,MQ,dinov2_jpegxl_lossy_mq_raw,std_all__tvn_efaar_e0.1,0.4413152048750224,0.0461379172528369,0.020361364404942548
DINOv2,MQ,dinov2_jpegxl_lossy_mq_raw,std_all__tvn_efaar_e0.1_c96,0.3787262156624644,0.0475840198952642,0.018021315780940825
DINOv2,MQ,dinov2_jpegxl_lossy_mq_raw,std_all__tvn_efaar_e0.2,0.4037785580714522,0.048801602147043,0.01970504054650971
DINOv2,MQ,dinov2_jpegxl_lossy_mq_raw,std_all__tvn_efaar_e0.2_c96,0.3667239922143348,0.0455894309632632,0.01671873812562769
DINOv2,MQ,dinov2_jpegxl_lossy_mq_raw,std_ctrl__prune0.9__tvn_efaar_e0.05,0.4531557982467488,0.0526547969189358,0.0238608265293208
DINOv2,MQ,dinov2_jpegxl_lossy_mq_raw,std_ctrl__prune0.9__tvn_efaar_e0.05_c96,0.3833897333114738,0.0489290106472452,0.018758880343241597
DINOv2,MQ,dinov2_jpegxl_lossy_mq_raw,std_ctrl__prune0.9__tvn_efaar_e0.1,0.4187164307309833,0.0541665092995781,0.022680407439075956
DINOv2,MQ,dinov2_jpegxl_lossy_mq_raw,std_ctrl__prune0.9__tvn_efaar_e0.1_c96,0.3616057696225342,0.0504085910080262,0.01822803734704487
DINOv2,MQ,dinov2_jpegxl_lossy_mq_raw,std_ctrl__prune0.9__tvn_efaar_e0.2,0.3826599706829684,0.0552151082329719,0.021128611697685956
DINOv2,MQ,dinov2_jpegxl_lossy_mq_raw,std_ctrl__prune0.9__tvn_efaar_e0.2_c96,0.3465372413599574,0.0525948456638284,0.01822607272609581
DINOv2,MQ,dinov2_jpegxl_lossy_mq_raw,std_ctrl__tvn_efaar_e0.05,0.4531557982467488,0.0526547969189358,0.0238608265293208
DINOv2,MQ,dinov2_jpegxl_lossy_mq_raw,std_ctrl__tvn_efaar_e0.05_c96,0.3833897333114738,0.0489290106472452,0.018758880343241597
DINOv2,MQ,dinov2_jpegxl_lossy_mq_raw,std_ctrl__tvn_efaar_e0.1,0.4187164307309833,0.0541665092995781,0.022680407439075956
DINOv2,MQ,dinov2_jpegxl_lossy_mq_raw,std_ctrl__tvn_efaar_e0.1_c96,0.3616057696225342,0.0504085910080262,0.01822803734704487
DINOv2,MQ,dinov2_jpegxl_lossy_mq_raw,std_ctrl__tvn_efaar_e0.2,0.3826599706829684,0.0552151082329719,0.021128611697685956
DINOv2,MQ,dinov2_jpegxl_lossy_mq_raw,std_ctrl__tvn_efaar_e0.2_c96,0.3465372413599574,0.0525948456638284,0.01822607272609581
MorphEM,D2-E8,morphem_jpegxl_lossy_d2_e8_raw,robustmad_all__prune0.9__tvn_efaar_e0.05,0.5115911715738608,0.0968549025860233,0.04955011308665582
MorphEM,D2-E8,morphem_jpegxl_lossy_d2_e8_raw,robustmad_all__prune0.9__tvn_efaar_e0.05_c96,0.4384435226381187,0.0884342600750066,0.03877342850918143
MorphEM,D2-E8,morphem_jpegxl_lossy_d2_e8_raw,robustmad_all__prune0.9__tvn_efaar_e0.1,0.4863566215120723,0.0996854580584241,0.04848268259517853
MorphEM,D2-E8,morphem_jpegxl_lossy_d2_e8_raw,robustmad_all__prune0.9__tvn_efaar_e0.1_c96,0.4317295304858687,0.0895213329153068,0.038649003027994545
MorphEM,D2-E8,morphem_jpegxl_lossy_d2_e8_raw,robustmad_all__prune0.9__tvn_efaar_e0.2,0.4627035354036747,0.0910975615187361,0.042151163781372944
MorphEM,D2-E8,morphem_jpegxl_lossy_d2_e8_raw,robustmad_all__prune0.9__tvn_efaar_e0.2_c96,0.422154461711472,0.0971445079602218,0.04100998746617324
MorphEM,D2-E8,morphem_jpegxl_lossy_d2_e8_raw,robustmad_all__tvn_efaar_e0.05,0.5115911715738608,0.0968549025860233,0.04955011308665582
MorphEM,D2-E8,morphem_jpegxl_lossy_d2_e8_raw,robustmad_all__tvn_efaar_e0.05_c96,0.4384435226381187,0.0884342600750066,0.03877342850918143
MorphEM,D2-E8,morphem_jpegxl_lossy_d2_e8_raw,robustmad_all__tvn_efaar_e0.1,0.4863566215120723,0.0996854580584241,0.04848268259517853
MorphEM,D2-E8,morphem_jpegxl_lossy_d2_e8_raw,robustmad_all__tvn_efaar_e0.1_c96,0.4317295304858687,0.0895213329153068,0.038649003027994545
MorphEM,D2-E8,morphem_jpegxl_lossy_d2_e8_raw,robustmad_all__tvn_efaar_e0.2,0.4627035354036747,0.0910975615187361,0.042151163781372944
MorphEM,D2-E8,morphem_jpegxl_lossy_d2_e8_raw,robustmad_all__tvn_efaar_e0.2_c96,0.422154461711472,0.0971445079602218,0.04100998746617324
MorphEM,D2-E8,morphem_jpegxl_lossy_d2_e8_raw,robustmad_ctrl__prune0.9__tvn_efaar_e0.05,0.480356766631462,0.1166061182112741,0.056012537913413665
MorphEM,D2-E8,morphem_jpegxl_lossy_d2_e8_raw,robustmad_ctrl__prune0.9__tvn_efaar_e0.05_c96,0.4020633174779545,0.0975616127912603,0.039225945697353756
MorphEM,D2-E8,morphem_jpegxl_lossy_d2_e8_raw,robustmad_ctrl__prune0.9__tvn_efaar_e0.1,0.4572666427660173,0.1176416123199329,0.05379358511511706
MorphEM,D2-E8,morphem_jpegxl_lossy_d2_e8_raw,robustmad_ctrl__prune0.9__tvn_efaar_e0.1_c96,0.3970718269965914,0.0968776859226261,0.03846739974449911
MorphEM,D2-E8,morphem_jpegxl_lossy_d2_e8_raw,robustmad_ctrl__prune0.9__tvn_efaar_e0.2,0.4335419089138655,0.104981299739379,0.04551379308926907
MorphEM,D2-E8,morphem_jpegxl_lossy_d2_e8_raw,robustmad_ctrl__prune0.9__tvn_efaar_e0.2_c96,0.3889956501942431,0.0914822439556708,0.03558619496876453
MorphEM,D2-E8,morphem_jpegxl_lossy_d2_e8_raw,robustmad_ctrl__tvn_efaar_e0.05,0.4803530012602708,0.1166053429204283,0.0560117264348108
MorphEM,D2-E8,morphem_jpegxl_lossy_d2_e8_raw,robustmad_ctrl__tvn_efaar_e0.05_c96,0.4020625942318976,0.0975613397641811,0.03922576536232624
MorphEM,D2-E8,morphem_jpegxl_lossy_d2_e8_raw,robustmad_ctrl__tvn_efaar_e0.1,0.457264536247594,0.1176424195011266,0.05379370639622756
MorphEM,D2-E8,morphem_jpegxl_lossy_d2_e8_raw,robustmad_ctrl__tvn_efaar_e0.1_c96,0.3970718269965914,0.0968776859226261,0.03846739974449911
MorphEM,D2-E8,morphem_jpegxl_lossy_d2_e8_raw,robustmad_ctrl__tvn_efaar_e0.2,0.4335419089138655,0.104981299739379,0.04551379308926907
MorphEM,D2-E8,morphem_jpegxl_lossy_d2_e8_raw,robustmad_ctrl__tvn_efaar_e0.2_c96,0.3889956501942431,0.0914822439556708,0.03558619496876453
MorphEM,D2-E8,morphem_jpegxl_lossy_d2_e8_raw,std_all__prune0.9__tvn_efaar_e0.05,0.5009410113117556,0.0973981432805041,0.048790724394822994
MorphEM,D2-E8,morphem_jpegxl_lossy_d2_e8_raw,std_all__prune0.9__tvn_efaar_e0.05_c96,0.4405966437643834,0.0880064800294294,0.03877535973048383
MorphEM,D2-E8,morphem_jpegxl_lossy_d2_e8_raw,std_all__prune0.9__tvn_efaar_e0.1,0.47646731259853,0.0958483309332484,0.04566859665681942
MorphEM,D2-E8,morphem_jpegxl_lossy_d2_e8_raw,std_all__prune0.9__tvn_efaar_e0.1_c96,0.4326558359054739,0.0852484050996719,0.03688321996800701
MorphEM,D2-E8,morphem_jpegxl_lossy_d2_e8_raw,std_all__prune0.9__tvn_efaar_e0.2,0.4526284166354378,0.0976215916255976,0.044186306446925554
MorphEM,D2-E8,morphem_jpegxl_lossy_d2_e8_raw,std_all__prune0.9__tvn_efaar_e0.2_c96,0.4234525445020594,0.0888167385600818,0.037609673937640815
MorphEM,D2-E8,morphem_jpegxl_lossy_d2_e8_raw,std_all__tvn_efaar_e0.05,0.5009410113117556,0.0973981432805041,0.048790724394822994
MorphEM,D2-E8,morphem_jpegxl_lossy_d2_e8_raw,std_all__tvn_efaar_e0.05_c96,0.4405966437643834,0.0880064800294294,0.03877535973048383
MorphEM,D2-E8,morphem_jpegxl_lossy_d2_e8_raw,std_all__tvn_efaar_e0.1,0.47646731259853,0.0958483309332484,0.04566859665681942
MorphEM,D2-E8,morphem_jpegxl_lossy_d2_e8_raw,std_all__tvn_efaar_e0.1_c96,0.4326558359054739,0.0852484050996719,0.03688321996800701
MorphEM,D2-E8,morphem_jpegxl_lossy_d2_e8_raw,std_all__tvn_efaar_e0.2,0.4526284166354378,0.0976215916255976,0.044186306446925554
MorphEM,D2-E8,morphem_jpegxl_lossy_d2_e8_raw,std_all__tvn_efaar_e0.2_c96,0.4234525445020594,0.0888167385600818,0.037609673937640815
MorphEM,D2-E8,morphem_jpegxl_lossy_d2_e8_raw,std_ctrl__prune0.9__tvn_efaar_e0.05,0.4749001605417725,0.0904772491685619,0.042967660155528
MorphEM,D2-E8,morphem_jpegxl_lossy_d2_e8_raw,std_ctrl__prune0.9__tvn_efaar_e0.05_c96,0.4074818748381459,0.1086078354432386,0.0442557244085237
MorphEM,D2-E8,morphem_jpegxl_lossy_d2_e8_raw,std_ctrl__prune0.9__tvn_efaar_e0.1,0.454495324272756,0.0920532836705724,0.0418377870122288
MorphEM,D2-E8,morphem_jpegxl_lossy_d2_e8_raw,std_ctrl__prune0.9__tvn_efaar_e0.1_c96,0.3972483822682316,0.1011364584875335,0.04017629452251084
MorphEM,D2-E8,morphem_jpegxl_lossy_d2_e8_raw,std_ctrl__prune0.9__tvn_efaar_e0.2,0.4331093900889556,0.0919833415237383,0.0398388489456904
MorphEM,D2-E8,morphem_jpegxl_lossy_d2_e8_raw,std_ctrl__prune0.9__tvn_efaar_e0.2_c96,0.3862210334798485,0.095618473859618,0.03692986579382754
MorphEM,D2-E8,morphem_jpegxl_lossy_d2_e8_raw,std_ctrl__tvn_efaar_e0.05,0.4749001605417725,0.0904772491685619,0.042967660155528
MorphEM,D2-E8,morphem_jpegxl_lossy_d2_e8_raw,std_ctrl__tvn_efaar_e0.05_c96,0.4074818748381459,0.1086078354432386,0.0442557244085237
MorphEM,D2-E8,morphem_jpegxl_lossy_d2_e8_raw,std_ctrl__tvn_efaar_e0.1,0.454495324272756,0.0920532836705724,0.0418377870122288
MorphEM,D2-E8,morphem_jpegxl_lossy_d2_e8_raw,std_ctrl__tvn_efaar_e0.1_c96,0.3972483822682316,0.1011364584875335,0.04017629452251084
MorphEM,D2-E8,morphem_jpegxl_lossy_d2_e8_raw,std_ctrl__tvn_efaar_e0.2,0.4331093900889556,0.0919833415237383,0.0398388489456904
MorphEM,D2-E8,morphem_jpegxl_lossy_d2_e8_raw,std_ctrl__tvn_efaar_e0.2_c96,0.3862210334798485,0.095618473859618,0.03692986579382754
MorphEM,MQ,morphem_jpegxl_lossy_mq_raw,robustmad_all__prune0.9__tvn_efaar_e0.05,0.5033117265361814,0.0806585997061076,0.04059641907807175
MorphEM,MQ,morphem_jpegxl_lossy_mq_raw,robustmad_all__prune0.9__tvn_efaar_e0.05_c96,0.4405171365238963,0.0742761058553607,0.0327198974635493
MorphEM,MQ,morphem_jpegxl_lossy_mq_raw,robustmad_all__prune0.9__tvn_efaar_e0.1,0.4771552646106342,0.0823964379733734,0.03931589416415869
MorphEM,MQ,morphem_jpegxl_lossy_mq_raw,robustmad_all__prune0.9__tvn_efaar_e0.1_c96,0.4336201531230769,0.0779176156040133,0.03378664840919729
MorphEM,MQ,morphem_jpegxl_lossy_mq_raw,robustmad_all__prune0.9__tvn_efaar_e0.2,0.454841854439218,0.0820643430052344,0.037326297955836876
MorphEM,MQ,morphem_jpegxl_lossy_mq_raw,robustmad_all__prune0.9__tvn_efaar_e0.2_c96,0.4239690437854619,0.0800151013271784,0.03392392599808067
MorphEM,MQ,morphem_jpegxl_lossy_mq_raw,robustmad_all__tvn_efaar_e0.05,0.5033117265361814,0.0806585997061076,0.04059641907807175
MorphEM,MQ,morphem_jpegxl_lossy_mq_raw,robustmad_all__tvn_efaar_e0.05_c96,0.4405171365238963,0.0742761058553607,0.0327198974635493
MorphEM,MQ,morphem_jpegxl_lossy_mq_raw,robustmad_all__tvn_efaar_e0.1,0.4771552646106342,0.0823964379733734,0.03931589416415869
MorphEM,MQ,morphem_jpegxl_lossy_mq_raw,robustmad_all__tvn_efaar_e0.1_c96,0.4336201531230769,0.0779176156040133,0.03378664840919729
MorphEM,MQ,morphem_jpegxl_lossy_mq_raw,robustmad_all__tvn_efaar_e0.2,0.454841854439218,0.0820643430052344,0.037326297955836876
MorphEM,MQ,morphem_jpegxl_lossy_mq_raw,robustmad_all__tvn_efaar_e0.2_c96,0.4239690437854619,0.0800151013271784,0.03392392599808067
MorphEM,MQ,morphem_jpegxl_lossy_mq_raw,robustmad_ctrl__prune0.9__tvn_efaar_e0.05,0.4594518639659765,0.0790895164703779,0.03633782576248292
MorphEM,MQ,morphem_jpegxl_lossy_mq_raw,robustmad_ctrl__prune0.9__tvn_efaar_e0.05_c96,0.4017420094419638,0.0842605642028008,0.0338510083795468
MorphEM,MQ,morphem_jpegxl_lossy_mq_raw,robustmad_ctrl__prune0.9__tvn_efaar_e0.1,0.434414901061799,0.0813523011263766,0.03534065184496457
MorphEM,MQ,morphem_jpegxl_lossy_mq_raw,robustmad_ctrl__prune0.9__tvn_efaar_e0.1_c96,0.3954552374481758,0.0819349033941972,0.0324015866770456
MorphEM,MQ,morphem_jpegxl_lossy_mq_raw,robustmad_ctrl__prune0.9__tvn_efaar_e0.2,0.4154760409574682,0.0833236006663418,0.03461895972317275
MorphEM,MQ,morphem_jpegxl_lossy_mq_raw,robustmad_ctrl__prune0.9__tvn_efaar_e0.2_c96,0.3848398334630709,0.0749021905695975,0.0288253465448231
MorphEM,MQ,morphem_jpegxl_lossy_mq_raw,robustmad_ctrl__tvn_efaar_e0.05,0.4594518639659765,0.0790895164703779,0.03633782576248292
MorphEM,MQ,morphem_jpegxl_lossy_mq_raw,robustmad_ctrl__tvn_efaar_e0.05_c96,0.4016676063538609,0.083837554895297,0.033674829997354355
MorphEM,MQ,morphem_jpegxl_lossy_mq_raw,robustmad_ctrl__tvn_efaar_e0.1,0.434414901061799,0.0813521168973246,0.03534057181311917
MorphEM,MQ,morphem_jpegxl_lossy_mq_raw,robustmad_ctrl__tvn_efaar_e0.1_c96,0.3954070410904893,0.0819387591616583,0.03239916231073753
MorphEM,MQ,morphem_jpegxl_lossy_mq_raw,robustmad_ctrl__tvn_efaar_e0.2,0.4154760409574682,0.0833236006663418,0.03461895972317275
MorphEM,MQ,morphem_jpegxl_lossy_mq_raw,robustmad_ctrl__tvn_efaar_e0.2_c96,0.3848398334630709,0.0749021905695975,0.0288253465448231
MorphEM,MQ,morphem_jpegxl_lossy_mq_raw,std_all__prune0.9__tvn_efaar_e0.05,0.5003705902792691,0.0825701503413326,0.04131567486574059
MorphEM,MQ,morphem_jpegxl_lossy_mq_raw,std_all__prune0.9__tvn_efaar_e0.05_c96,0.4380034238134862,0.0835447526134766,0.03659288768635345
MorphEM,MQ,morphem_jpegxl_lossy_mq_raw,std_all__prune0.9__tvn_efaar_e0.1,0.476848268130409,0.0828294020165247,0.0394970569018572
MorphEM,MQ,morphem_jpegxl_lossy_mq_raw,std_all__prune0.9__tvn_efaar_e0.1_c96,0.4311367616891876,0.0821578573660815,0.035421272572134545
MorphEM,MQ,morphem_jpegxl_lossy_mq_raw,std_all__prune0.9__tvn_efaar_e0.2,0.4535240130777238,0.0852653541188565,0.03866988557647702
MorphEM,MQ,morphem_jpegxl_lossy_mq_raw,std_all__prune0.9__tvn_efaar_e0.2_c96,0.4228867177267668,0.0805566663620045,0.03406634422883832
MorphEM,MQ,morphem_jpegxl_lossy_mq_raw,std_all__tvn_efaar_e0.05,0.5003705902792691,0.0825701503413326,0.04131567486574059
MorphEM,MQ,morphem_jpegxl_lossy_mq_raw,std_all__tvn_efaar_e0.05_c96,0.4380034238134862,0.0835447526134766,0.03659288768635345
MorphEM,MQ,morphem_jpegxl_lossy_mq_raw,std_all__tvn_efaar_e0.1,0.476848268130409,0.0828294020165247,0.0394970569018572
MorphEM,MQ,morphem_jpegxl_lossy_mq_raw,std_all__tvn_efaar_e0.1_c96,0.4311367616891876,0.0821578573660815,0.035421272572134545
MorphEM,MQ,morphem_jpegxl_lossy_mq_raw,std_all__tvn_efaar_e0.2,0.4535240130777238,0.0852653541188565,0.03866988557647702
MorphEM,MQ,morphem_jpegxl_lossy_mq_raw,std_all__tvn_efaar_e0.2_c96,0.4228867177267668,0.0805566663620045,0.03406634422883832
MorphEM,MQ,morphem_jpegxl_lossy_mq_raw,std_ctrl__prune0.9__tvn_efaar_e0.05,0.4661229400827072,0.0734104404980848,0.034218290357733924
MorphEM,MQ,morphem_jpegxl_lossy_mq_raw,std_ctrl__prune0.9__tvn_efaar_e0.05_c96,0.4150481144142307,0.086735683694749,0.03599948196993471
MorphEM,MQ,morphem_jpegxl_lossy_mq_raw,std_ctrl__prune0.9__tvn_efaar_e0.1,0.4431392494119348,0.0731198507604754,0.03240227578310976
MorphEM,MQ,morphem_jpegxl_lossy_mq_raw,std_ctrl__prune0.9__tvn_efaar_e0.1_c96,0.4070236960058777,0.0838293777898339,0.03412054318189123
MorphEM,MQ,morphem_jpegxl_lossy_mq_raw,std_ctrl__prune0.9__tvn_efaar_e0.2,0.422523045948751,0.0744712301530287,0.03146581099980816
MorphEM,MQ,morphem_jpegxl_lossy_mq_raw,std_ctrl__prune0.9__tvn_efaar_e0.2_c96,0.3956224901983719,0.0823081642521147,0.03256296090507823
MorphEM,MQ,morphem_jpegxl_lossy_mq_raw,std_ctrl__tvn_efaar_e0.05,0.4661229400827072,0.0734104404980848,0.034218290357733924
MorphEM,MQ,morphem_jpegxl_lossy_mq_raw,std_ctrl__tvn_efaar_e0.05_c96,0.4150481144142307,0.086735683694749,0.03599948196993471
MorphEM,MQ,morphem_jpegxl_lossy_mq_raw,std_ctrl__tvn_efaar_e0.1,0.4431392494119348,0.0731198507604754,0.03240227578310976
MorphEM,MQ,morphem_jpegxl_lossy_mq_raw,std_ctrl__tvn_efaar_e0.1_c96,0.4070236960058777,0.0838293777898339,0.03412054318189123
MorphEM,MQ,morphem_jpegxl_lossy_mq_raw,std_ctrl__tvn_efaar_e0.2,0.422523045948751,0.0744712301530287,0.03146581099980816
MorphEM,MQ,morphem_jpegxl_lossy_mq_raw,std_ctrl__tvn_efaar_e0.2_c96,0.3956224901983719,0.0823081642521147,0.03256296090507823
OpenPhenom,D2-E8,openphenom_jpegxl_lossy_d2_e8_raw,robustmad_all__prune0.9__tvn_efaar_e0.05,0.4131720509202766,0.0405232845792588,0.016743088599638377
OpenPhenom,D2-E8,openphenom_jpegxl_lossy_d2_e8_raw,robustmad_all__prune0.9__tvn_efaar_e0.05_c96,0.3288387267290789,0.0312087219738653,0.010262636396727691
OpenPhenom,D2-E8,openphenom_jpegxl_lossy_d2_e8_raw,robustmad_all__prune0.9__tvn_efaar_e0.1,0.3760301990369173,0.0450996445570574,0.016958828319284518
OpenPhenom,D2-E8,openphenom_jpegxl_lossy_d2_e8_raw,robustmad_all__prune0.9__tvn_efaar_e0.1_c96,0.3084996282810891,0.0354931738434563,0.010949630937222343
OpenPhenom,D2-E8,openphenom_jpegxl_lossy_d2_e8_raw,robustmad_all__prune0.9__tvn_efaar_e0.2,0.3413475553926549,0.0480418049017311,0.016398952659856775
OpenPhenom,D2-E8,openphenom_jpegxl_lossy_d2_e8_raw,robustmad_all__prune0.9__tvn_efaar_e0.2_c96,0.2946355059380228,0.0372380209504628,0.0109716431428703
OpenPhenom,D2-E8,openphenom_jpegxl_lossy_d2_e8_raw,robustmad_all__tvn_efaar_e0.05,0.4131720509202766,0.0405232845792588,0.016743088599638377
OpenPhenom,D2-E8,openphenom_jpegxl_lossy_d2_e8_raw,robustmad_all__tvn_efaar_e0.05_c96,0.3288387267290789,0.0312087219738653,0.010262636396727691
OpenPhenom,D2-E8,openphenom_jpegxl_lossy_d2_e8_raw,robustmad_all__tvn_efaar_e0.1,0.3760301990369173,0.0450996445570574,0.016958828319284518
OpenPhenom,D2-E8,openphenom_jpegxl_lossy_d2_e8_raw,robustmad_all__tvn_efaar_e0.1_c96,0.3084996282810891,0.0354931738434563,0.010949630937222343
OpenPhenom,D2-E8,openphenom_jpegxl_lossy_d2_e8_raw,robustmad_all__tvn_efaar_e0.2,0.3413475553926549,0.0480418049017311,0.016398952659856775
OpenPhenom,D2-E8,openphenom_jpegxl_lossy_d2_e8_raw,robustmad_all__tvn_efaar_e0.2_c96,0.2946355059380228,0.0372380209504628,0.0109716431428703
OpenPhenom,D2-E8,openphenom_jpegxl_lossy_d2_e8_raw,robustmad_ctrl__prune0.9__tvn_efaar_e0.05,0.3827093790717819,0.0364103902400517,0.013934597840531453
OpenPhenom,D2-E8,openphenom_jpegxl_lossy_d2_e8_raw,robustmad_ctrl__prune0.9__tvn_efaar_e0.05_c96,0.2976498688644258,0.0374707672669551,0.011153168963258603
OpenPhenom,D2-E8,openphenom_jpegxl_lossy_d2_e8_raw,robustmad_ctrl__prune0.9__tvn_efaar_e0.1,0.3592531782883701,0.0373385026694948,0.013413975756544799
OpenPhenom,D2-E8,openphenom_jpegxl_lossy_d2_e8_raw,robustmad_ctrl__prune0.9__tvn_efaar_e0.1_c96,0.285006756295251,0.0367876614806601,0.010484732070290687
OpenPhenom,D2-E8,openphenom_jpegxl_lossy_d2_e8_raw,robustmad_ctrl__prune0.9__tvn_efaar_e0.2,0.3298220575497114,0.0384733580871446,0.012689362125148861
OpenPhenom,D2-E8,openphenom_jpegxl_lossy_d2_e8_raw,robustmad_ctrl__prune0.9__tvn_efaar_e0.2_c96,0.2739251455514397,0.035820348118422,0.009812094072041987
OpenPhenom,D2-E8,openphenom_jpegxl_lossy_d2_e8_raw,robustmad_ctrl__tvn_efaar_e0.05,0.3827099841163586,0.0364105375672884,0.01393467625404502
OpenPhenom,D2-E8,openphenom_jpegxl_lossy_d2_e8_raw,robustmad_ctrl__tvn_efaar_e0.05_c96,0.2976520324695186,0.0374714850798726,0.011153463693675321
OpenPhenom,D2-E8,openphenom_jpegxl_lossy_d2_e8_raw,robustmad_ctrl__tvn_efaar_e0.1,0.3592531782883701,0.0373385026694948,0.013413975756544799
OpenPhenom,D2-E8,openphenom_jpegxl_lossy_d2_e8_raw,robustmad_ctrl__tvn_efaar_e0.1_c96,0.2850047154711738,0.0367872705120848,0.01048454556525783
OpenPhenom,D2-E8,openphenom_jpegxl_lossy_d2_e8_raw,robustmad_ctrl__tvn_efaar_e0.2,0.3298220575497114,0.0384733580871446,0.012689362125148861
OpenPhenom,D2-E8,openphenom_jpegxl_lossy_d2_e8_raw,robustmad_ctrl__tvn_efaar_e0.2_c96,0.2739251455514397,0.035820348118422,0.009812094072041987
OpenPhenom,D2-E8,openphenom_jpegxl_lossy_d2_e8_raw,std_all__prune0.9__tvn_efaar_e0.05,0.4219044426401833,0.0466857766318675,0.01969693656909215
OpenPhenom,D2-E8,openphenom_jpegxl_lossy_d2_e8_raw,std_all__prune0.9__tvn_efaar_e0.05_c96,0.354758633218167,0.0455054070055443,0.016143435993323296
OpenPhenom,D2-E8,openphenom_jpegxl_lossy_d2_e8_raw,std_all__prune0.9__tvn_efaar_e0.1,0.3913704857956958,0.0411083924037439,0.01608861150533334
OpenPhenom,D2-E8,openphenom_jpegxl_lossy_d2_e8_raw,std_all__prune0.9__tvn_efaar_e0.1_c96,0.3449921191725197,0.0443958392645574,0.015316214670322218
OpenPhenom,D2-E8,openphenom_jpegxl_lossy_d2_e8_raw,std_all__prune0.9__tvn_efaar_e0.2,0.3637713264345818,0.0409966913073166,0.01491342077629165
OpenPhenom,D2-E8,openphenom_jpegxl_lossy_d2_e8_raw,std_all__prune0.9__tvn_efaar_e0.2_c96,0.3334924126556382,0.0442240483954225,0.014748384596789156
OpenPhenom,D2-E8,openphenom_jpegxl_lossy_d2_e8_raw,std_all__tvn_efaar_e0.05,0.4219044426401833,0.0466857766318675,0.01969693656909215
OpenPhenom,D2-E8,openphenom_jpegxl_lossy_d2_e8_raw,std_all__tvn_efaar_e0.05_c96,0.354758633218167,0.0455054070055443,0.016143435993323296
OpenPhenom,D2-E8,openphenom_jpegxl_lossy_d2_e8_raw,std_all__tvn_efaar_e0.1,0.3913704857956958,0.0411083924037439,0.01608861150533334
OpenPhenom,D2-E8,openphenom_jpegxl_lossy_d2_e8_raw,std_all__tvn_efaar_e0.1_c96,0.3449921191725197,0.0443958392645574,0.015316214670322218
OpenPhenom,D2-E8,openphenom_jpegxl_lossy_d2_e8_raw,std_all__tvn_efaar_e0.2,0.3637713264345818,0.0409966913073166,0.01491342077629165
OpenPhenom,D2-E8,openphenom_jpegxl_lossy_d2_e8_raw,std_all__tvn_efaar_e0.2_c96,0.3334924126556382,0.0442240483954225,0.014748384596789156
OpenPhenom,D2-E8,openphenom_jpegxl_lossy_d2_e8_raw,std_ctrl__prune0.9__tvn_efaar_e0.05,0.3941119536584205,0.0372843035010357,0.014694189693586665
OpenPhenom,D2-E8,openphenom_jpegxl_lossy_d2_e8_raw,std_ctrl__prune0.9__tvn_efaar_e0.05_c96,0.3125230766456003,0.0270196559074654,0.008444265994106557
OpenPhenom,D2-E8,openphenom_jpegxl_lossy_d2_e8_raw,std_ctrl__prune0.9__tvn_efaar_e0.1,0.3649971332801787,0.0373420831568045,0.013629753302943687
OpenPhenom,D2-E8,openphenom_jpegxl_lossy_d2_e8_raw,std_ctrl__prune0.9__tvn_efaar_e0.1_c96,0.2983212038919806,0.0284998447287002,0.008502107990200361
OpenPhenom,D2-E8,openphenom_jpegxl_lossy_d2_e8_raw,std_ctrl__prune0.9__tvn_efaar_e0.2,0.3376955071067909,0.0366821081622042,0.012387383117581701
OpenPhenom,D2-E8,openphenom_jpegxl_lossy_d2_e8_raw,std_ctrl__prune0.9__tvn_efaar_e0.2_c96,0.2876907124806583,0.0314349190544748,0.009043534259553676
OpenPhenom,D2-E8,openphenom_jpegxl_lossy_d2_e8_raw,std_ctrl__tvn_efaar_e0.05,0.3941119536584205,0.0372843035010357,0.014694189693586665
OpenPhenom,D2-E8,openphenom_jpegxl_lossy_d2_e8_raw,std_ctrl__tvn_efaar_e0.05_c96,0.3125230766456003,0.0270196559074654,0.008444265994106557
OpenPhenom,D2-E8,openphenom_jpegxl_lossy_d2_e8_raw,std_ctrl__tvn_efaar_e0.1,0.3649971332801787,0.0373420831568045,0.013629753302943687
OpenPhenom,D2-E8,openphenom_jpegxl_lossy_d2_e8_raw,std_ctrl__tvn_efaar_e0.1_c96,0.2983212038919806,0.0284998447287002,0.008502107990200361
OpenPhenom,D2-E8,openphenom_jpegxl_lossy_d2_e8_raw,std_ctrl__tvn_efaar_e0.2,0.3376955071067909,0.0366821081622042,0.012387383117581701
OpenPhenom,D2-E8,openphenom_jpegxl_lossy_d2_e8_raw,std_ctrl__tvn_efaar_e0.2_c96,0.2876907124806583,0.0314349190544748,0.009043534259553676
OpenPhenom,MQ,openphenom_jpegxl_lossy_mq_raw,robustmad_all__prune0.9__tvn_efaar_e0.05,0.411242519458258,0.0393083344400491,0.016165258490833605
OpenPhenom,MQ,openphenom_jpegxl_lossy_mq_raw,robustmad_all__prune0.9__tvn_efaar_e0.05_c96,0.3282292527409086,0.0279073790432107,0.00916001816931034
OpenPhenom,MQ,openphenom_jpegxl_lossy_mq_raw,robustmad_all__prune0.9__tvn_efaar_e0.1,0.3758495182548629,0.0410673170594338,0.015435131332807906
OpenPhenom,MQ,openphenom_jpegxl_lossy_mq_raw,robustmad_all__prune0.9__tvn_efaar_e0.1_c96,0.3122858688142932,0.029271385651752,0.00914104009965561
OpenPhenom,MQ,openphenom_jpegxl_lossy_mq_raw,robustmad_all__prune0.9__tvn_efaar_e0.2,0.3433864838663343,0.0392388757804285,0.013474099585109207
OpenPhenom,MQ,openphenom_jpegxl_lossy_mq_raw,robustmad_all__prune0.9__tvn_efaar_e0.2_c96,0.2974314466863264,0.0338488249487262,0.010067704973131851
OpenPhenom,MQ,openphenom_jpegxl_lossy_mq_raw,robustmad_all__tvn_efaar_e0.05,0.411242519458258,0.0393083344400491,0.016165258490833605
OpenPhenom,MQ,openphenom_jpegxl_lossy_mq_raw,robustmad_all__tvn_efaar_e0.05_c96,0.3282292527409086,0.0279073790432107,0.00916001816931034
OpenPhenom,MQ,openphenom_jpegxl_lossy_mq_raw,robustmad_all__tvn_efaar_e0.1,0.3758495182548629,0.0410673170594338,0.015435131332807906
OpenPhenom,MQ,openphenom_jpegxl_lossy_mq_raw,robustmad_all__tvn_efaar_e0.1_c96,0.3122858688142932,0.029271385651752,0.00914104009965561
OpenPhenom,MQ,openphenom_jpegxl_lossy_mq_raw,robustmad_all__tvn_efaar_e0.2,0.3433864838663343,0.0392388757804285,0.013474099585109207
OpenPhenom,MQ,openphenom_jpegxl_lossy_mq_raw,robustmad_all__tvn_efaar_e0.2_c96,0.2974314466863264,0.0338488249487262,0.010067704973131851
OpenPhenom,MQ,openphenom_jpegxl_lossy_mq_raw,robustmad_ctrl__prune0.9__tvn_efaar_e0.05,0.4010542754544257,0.0323251067892213,0.012964122282338085
OpenPhenom,MQ,openphenom_jpegxl_lossy_mq_raw,robustmad_ctrl__prune0.9__tvn_efaar_e0.05_c96,0.3042046510962136,0.0380723704226414,0.01158179216082543
OpenPhenom,MQ,openphenom_jpegxl_lossy_mq_raw,robustmad_ctrl__prune0.9__tvn_efaar_e0.1,0.3653587453342041,0.0317635527059828,0.01160509176401474
OpenPhenom,MQ,openphenom_jpegxl_lossy_mq_raw,robustmad_ctrl__prune0.9__tvn_efaar_e0.1_c96,0.2855701827800354,0.0390109577340979,0.011140366330550572
OpenPhenom,MQ,openphenom_jpegxl_lossy_mq_raw,robustmad_ctrl__prune0.9__tvn_efaar_e0.2,0.3288676334423474,0.0321600298337208,0.010576392902851048
OpenPhenom,MQ,openphenom_jpegxl_lossy_mq_raw,robustmad_ctrl__prune0.9__tvn_efaar_e0.2_c96,0.2719461075568661,0.0360755596798548,0.009810608032871935
OpenPhenom,MQ,openphenom_jpegxl_lossy_mq_raw,robustmad_ctrl__tvn_efaar_e0.05,0.4010540870242415,0.0323401669098431,0.01297015611423871
OpenPhenom,MQ,openphenom_jpegxl_lossy_mq_raw,robustmad_ctrl__tvn_efaar_e0.05_c96,0.3042072385124605,0.0380810718378979,0.01158453770340155
OpenPhenom,MQ,openphenom_jpegxl_lossy_mq_raw,robustmad_ctrl__tvn_efaar_e0.1,0.3653559943881186,0.031756202063006,0.01160231878271958
OpenPhenom,MQ,openphenom_jpegxl_lossy_mq_raw,robustmad_ctrl__tvn_efaar_e0.1_c96,0.2855701827800354,0.0390109577340979,0.011140366330550572
OpenPhenom,MQ,openphenom_jpegxl_lossy_mq_raw,robustmad_ctrl__tvn_efaar_e0.2,0.3288676334423474,0.0321600298337208,0.010576392902851048
OpenPhenom,MQ,openphenom_jpegxl_lossy_mq_raw,robustmad_ctrl__tvn_efaar_e0.2_c96,0.2719461075568661,0.0360755596798548,0.009810608032871935
OpenPhenom,MQ,openphenom_jpegxl_lossy_mq_raw,std_all__prune0.9__tvn_efaar_e0.05,0.4279306408592858,0.0380786341168924,0.016295014300688027
OpenPhenom,MQ,openphenom_jpegxl_lossy_mq_raw,std_all__prune0.9__tvn_efaar_e0.05_c96,0.3556296007087938,0.0326067337110072,0.011595919690063457
OpenPhenom,MQ,openphenom_jpegxl_lossy_mq_raw,std_all__prune0.9__tvn_efaar_e0.1,0.392737487214883,0.0411615557736777,0.01616568598440944
OpenPhenom,MQ,openphenom_jpegxl_lossy_mq_raw,std_all__prune0.9__tvn_efaar_e0.1_c96,0.338576737978809,0.03465144484366,0.011732173161419024
OpenPhenom,MQ,openphenom_jpegxl_lossy_mq_raw,std_all__prune0.9__tvn_efaar_e0.2,0.3604222002373213,0.0458673319415923,0.016531604697404265
OpenPhenom,MQ,openphenom_jpegxl_lossy_mq_raw,std_all__prune0.9__tvn_efaar_e0.2_c96,0.3238632315052055,0.0391900177875575,0.012692205803424856
OpenPhenom,MQ,openphenom_jpegxl_lossy_mq_raw,std_all__tvn_efaar_e0.05,0.4279306408592858,0.0380786341168924,0.016295014300688027
OpenPhenom,MQ,openphenom_jpegxl_lossy_mq_raw,std_all__tvn_efaar_e0.05_c96,0.3556296007087938,0.0326067337110072,0.011595919690063457
OpenPhenom,MQ,openphenom_jpegxl_lossy_mq_raw,std_all__tvn_efaar_e0.1,0.392737487214883,0.0411615557736777,0.01616568598440944
OpenPhenom,MQ,openphenom_jpegxl_lossy_mq_raw,std_all__tvn_efaar_e0.1_c96,0.338576737978809,0.03465144484366,0.011732173161419024
OpenPhenom,MQ,openphenom_jpegxl_lossy_mq_raw,std_all__tvn_efaar_e0.2,0.3604222002373213,0.0458673319415923,0.016531604697404265
OpenPhenom,MQ,openphenom_jpegxl_lossy_mq_raw,std_all__tvn_efaar_e0.2_c96,0.3238632315052055,0.0391900177875575,0.012692205803424856
OpenPhenom,MQ,openphenom_jpegxl_lossy_mq_raw,std_ctrl__prune0.9__tvn_efaar_e0.05,0.3893434858414144,0.0358874403748876,0.013972541133484655
OpenPhenom,MQ,openphenom_jpegxl_lossy_mq_raw,std_ctrl__prune0.9__tvn_efaar_e0.05_c96,0.3199362629760615,0.0279811607759389,0.008952188012386245
OpenPhenom,MQ,openphenom_jpegxl_lossy_mq_raw,std_ctrl__prune0.9__tvn_efaar_e0.1,0.3575401569554151,0.037316236432354,0.013342053031009228
OpenPhenom,MQ,openphenom_jpegxl_lossy_mq_raw,std_ctrl__prune0.9__tvn_efaar_e0.1_c96,0.3023450607479674,0.0311090661256994,0.00940567248758712
OpenPhenom,MQ,openphenom_jpegxl_lossy_mq_raw,std_ctrl__prune0.9__tvn_efaar_e0.2,0.3258569631945466,0.0397287779461907,0.012945898932976178
OpenPhenom,MQ,openphenom_jpegxl_lossy_mq_raw,std_ctrl__prune0.9__tvn_efaar_e0.2_c96,0.2877549089206808,0.0357049740484285,0.010274281555320813
OpenPhenom,MQ,openphenom_jpegxl_lossy_mq_raw,std_ctrl__tvn_efaar_e0.05,0.3893434858414144,0.0358874403748876,0.013972541133484655
OpenPhenom,MQ,openphenom_jpegxl_lossy_mq_raw,std_ctrl__tvn_efaar_e0.05_c96,0.3199362629760615,0.0279811607759389,0.008952188012386245
OpenPhenom,MQ,openphenom_jpegxl_lossy_mq_raw,std_ctrl__tvn_efaar_e0.1,0.3575401569554151,0.037316236432354,0.013342053031009228
OpenPhenom,MQ,openphenom_jpegxl_lossy_mq_raw,std_ctrl__tvn_efaar_e0.1_c96,0.3023450607479674,0.0311090661256994,0.00940567248758712
OpenPhenom,MQ,openphenom_jpegxl_lossy_mq_raw,std_ctrl__tvn_efaar_e0.2,0.3258569631945466,0.0397287779461907,0.012945898932976178
OpenPhenom,MQ,openphenom_jpegxl_lossy_mq_raw,std_ctrl__tvn_efaar_e0.2_c96,0.2877549089206808,0.0357049740484285,0.010274281555320813
SubCell,D2-E8,subcell__clip01_jpegxl_lossy_d2_e8_raw,robustmad_all__prune0.9__tvn_efaar_e0.05,0.4758882365441243,0.0544938904362187,0.02593300142212084
SubCell,D2-E8,subcell__clip01_jpegxl_lossy_d2_e8_raw,robustmad_all__prune0.9__tvn_efaar_e0.05_c96,0.3897396205669667,0.0481643225147316,0.018771544781756504
SubCell,D2-E8,subcell__clip01_jpegxl_lossy_d2_e8_raw,robustmad_all__prune0.9__tvn_efaar_e0.1,0.4448446593517781,0.052044778656758,0.023151841832604204
SubCell,D2-E8,subcell__clip01_jpegxl_lossy_d2_e8_raw,robustmad_all__prune0.9__tvn_efaar_e0.1_c96,0.3766805520262597,0.0481526974086332,0.018138184641437398
SubCell,D2-E8,subcell__clip01_jpegxl_lossy_d2_e8_raw,robustmad_all__prune0.9__tvn_efaar_e0.2,0.4151214230956532,0.0531156022526505,0.022049424395702958
SubCell,D2-E8,subcell__clip01_jpegxl_lossy_d2_e8_raw,robustmad_all__prune0.9__tvn_efaar_e0.2_c96,0.3647296989144489,0.0505136225706862,0.01842381835128449
SubCell,D2-E8,subcell__clip01_jpegxl_lossy_d2_e8_raw,robustmad_all__tvn_efaar_e0.05,0.4758882365441243,0.0544938904362187,0.02593300142212084
SubCell,D2-E8,subcell__clip01_jpegxl_lossy_d2_e8_raw,robustmad_all__tvn_efaar_e0.05_c96,0.3897396205669667,0.0481643225147316,0.018771544781756504
SubCell,D2-E8,subcell__clip01_jpegxl_lossy_d2_e8_raw,robustmad_all__tvn_efaar_e0.1,0.4448446593517781,0.052044778656758,0.023151841832604204
SubCell,D2-E8,subcell__clip01_jpegxl_lossy_d2_e8_raw,robustmad_all__tvn_efaar_e0.1_c96,0.3766805520262597,0.0481526974086332,0.018138184641437398
SubCell,D2-E8,subcell__clip01_jpegxl_lossy_d2_e8_raw,robustmad_all__tvn_efaar_e0.2,0.4151214230956532,0.0531156022526505,0.022049424395702958
SubCell,D2-E8,subcell__clip01_jpegxl_lossy_d2_e8_raw,robustmad_all__tvn_efaar_e0.2_c96,0.3647296989144489,0.0505136225706862,0.01842381835128449
SubCell,D2-E8,subcell__clip01_jpegxl_lossy_d2_e8_raw,robustmad_ctrl__prune0.9__tvn_efaar_e0.05,0.4638343129582954,0.0622874528968337,0.028891057920325047
SubCell,D2-E8,subcell__clip01_jpegxl_lossy_d2_e8_raw,robustmad_ctrl__prune0.9__tvn_efaar_e0.05_c96,0.3825788864255602,0.0524906617073662,0.020081818903744955
SubCell,D2-E8,subcell__clip01_jpegxl_lossy_d2_e8_raw,robustmad_ctrl__prune0.9__tvn_efaar_e0.1,0.4299606103021081,0.0588696922781405,0.02531164882020659
SubCell,D2-E8,subcell__clip01_jpegxl_lossy_d2_e8_raw,robustmad_ctrl__prune0.9__tvn_efaar_e0.1_c96,0.3649024961696065,0.0510266806816301,0.018619763151976262
SubCell,D2-E8,subcell__clip01_jpegxl_lossy_d2_e8_raw,robustmad_ctrl__prune0.9__tvn_efaar_e0.2,0.3938944105772065,0.0557180377378804,0.021947023633280948
SubCell,D2-E8,subcell__clip01_jpegxl_lossy_d2_e8_raw,robustmad_ctrl__prune0.9__tvn_efaar_e0.2_c96,0.3496824061526378,0.0555897872372022,0.01943877055861806
SubCell,D2-E8,subcell__clip01_jpegxl_lossy_d2_e8_raw,robustmad_ctrl__tvn_efaar_e0.05,0.4638343129582954,0.0622874528968337,0.028891057920325047
SubCell,D2-E8,subcell__clip01_jpegxl_lossy_d2_e8_raw,robustmad_ctrl__tvn_efaar_e0.05_c96,0.3825805302428591,0.0524893404292782,0.020081399693531194
SubCell,D2-E8,subcell__clip01_jpegxl_lossy_d2_e8_raw,robustmad_ctrl__tvn_efaar_e0.1,0.4299611372400576,0.0588697753216318,0.025311715546355484
SubCell,D2-E8,subcell__clip01_jpegxl_lossy_d2_e8_raw,robustmad_ctrl__tvn_efaar_e0.1_c96,0.3649014879616633,0.0510266806816301,0.018619711706471483
SubCell,D2-E8,subcell__clip01_jpegxl_lossy_d2_e8_raw,robustmad_ctrl__tvn_efaar_e0.2,0.3938944105772065,0.0557180377378804,0.021947023633280948
SubCell,D2-E8,subcell__clip01_jpegxl_lossy_d2_e8_raw,robustmad_ctrl__tvn_efaar_e0.2_c96,0.3496824061526378,0.0555897872372022,0.01943877055861806
SubCell,D2-E8,subcell__clip01_jpegxl_lossy_d2_e8_raw,std_all__prune0.9__tvn_efaar_e0.05,0.4554546314957267,0.0571815867816773,0.02604361853598975
SubCell,D2-E8,subcell__clip01_jpegxl_lossy_d2_e8_raw,std_all__prune0.9__tvn_efaar_e0.05_c96,0.3979097154752888,0.0509361343748455,0.020267982736505853
SubCell,D2-E8,subcell__clip01_jpegxl_lossy_d2_e8_raw,std_all__prune0.9__tvn_efaar_e0.1,0.4291904976004549,0.0555939504541223,0.023860395258979785
SubCell,D2-E8,subcell__clip01_jpegxl_lossy_d2_e8_raw,std_all__prune0.9__tvn_efaar_e0.1_c96,0.3814715091430193,0.0535595756633445,0.020431452157355756
SubCell,D2-E8,subcell__clip01_jpegxl_lossy_d2_e8_raw,std_all__prune0.9__tvn_efaar_e0.2,0.4028037467138919,0.0522547925740057,0.021048426232566753
SubCell,D2-E8,subcell__clip01_jpegxl_lossy_d2_e8_raw,std_all__prune0.9__tvn_efaar_e0.2_c96,0.3661122010354798,0.0562000979612872,0.02057554156301644
SubCell,D2-E8,subcell__clip01_jpegxl_lossy_d2_e8_raw,std_all__tvn_efaar_e0.05,0.4554546314957267,0.0571815867816773,0.02604361853598975
SubCell,D2-E8,subcell__clip01_jpegxl_lossy_d2_e8_raw,std_all__tvn_efaar_e0.05_c96,0.3979097154752888,0.0509361343748455,0.020267982736505853
SubCell,D2-E8,subcell__clip01_jpegxl_lossy_d2_e8_raw,std_all__tvn_efaar_e0.1,0.4291904976004549,0.0555939504541223,0.023860395258979785
SubCell,D2-E8,subcell__clip01_jpegxl_lossy_d2_e8_raw,std_all__tvn_efaar_e0.1_c96,0.3814715091430193,0.0535595756633445,0.020431452157355756
SubCell,D2-E8,subcell__clip01_jpegxl_lossy_d2_e8_raw,std_all__tvn_efaar_e0.2,0.4028037467138919,0.0522547925740057,0.021048426232566753
SubCell,D2-E8,subcell__clip01_jpegxl_lossy_d2_e8_raw,std_all__tvn_efaar_e0.2_c96,0.3661122010354798,0.0562000979612872,0.02057554156301644
SubCell,D2-E8,subcell__clip01_jpegxl_lossy_d2_e8_raw,std_ctrl__prune0.9__tvn_efaar_e0.05,0.4548599470142176,0.0621903856111446,0.028287915503878994
SubCell,D2-E8,subcell__clip01_jpegxl_lossy_d2_e8_raw,std_ctrl__prune0.9__tvn_efaar_e0.05_c96,0.3912615726486982,0.0567120498546357,0.02218924581425614
SubCell,D2-E8,subcell__clip01_jpegxl_lossy_d2_e8_raw,std_ctrl__prune0.9__tvn_efaar_e0.1,0.4246141489816767,0.0617958841614738,0.026239406763794472
SubCell,D2-E8,subcell__clip01_jpegxl_lossy_d2_e8_raw,std_ctrl__prune0.9__tvn_efaar_e0.1_c96,0.3680114091338137,0.0557467852833524,0.020515453006806662
SubCell,D2-E8,subcell__clip01_jpegxl_lossy_d2_e8_raw,std_ctrl__prune0.9__tvn_efaar_e0.2,0.3931257236344447,0.0584267573402143,0.02296906125898585
SubCell,D2-E8,subcell__clip01_jpegxl_lossy_d2_e8_raw,std_ctrl__prune0.9__tvn_efaar_e0.2_c96,0.3484444996331489,0.0563266293245524,0.019626704171015513
SubCell,D2-E8,subcell__clip01_jpegxl_lossy_d2_e8_raw,std_ctrl__tvn_efaar_e0.05,0.4548599470142176,0.0621903856111446,0.028287915503878994
SubCell,D2-E8,subcell__clip01_jpegxl_lossy_d2_e8_raw,std_ctrl__tvn_efaar_e0.05_c96,0.3912615726486982,0.0567120498546357,0.02218924581425614
SubCell,D2-E8,subcell__clip01_jpegxl_lossy_d2_e8_raw,std_ctrl__tvn_efaar_e0.1,0.4246141489816767,0.0617958841614738,0.026239406763794472
SubCell,D2-E8,subcell__clip01_jpegxl_lossy_d2_e8_raw,std_ctrl__tvn_efaar_e0.1_c96,0.3680114091338137,0.0557467852833524,0.020515453006806662
SubCell,D2-E8,subcell__clip01_jpegxl_lossy_d2_e8_raw,std_ctrl__tvn_efaar_e0.2,0.3931257236344447,0.0584267573402143,0.02296906125898585
SubCell,D2-E8,subcell__clip01_jpegxl_lossy_d2_e8_raw,std_ctrl__tvn_efaar_e0.2_c96,0.3484444996331489,0.0563266293245524,0.019626704171015513
SubCell,MQ,subcell__clip01_jpegxl_lossy_mq_raw,robustmad_all__prune0.9__tvn_efaar_e0.05,0.4631488528907396,0.0621133799796154,0.028767740686725503
SubCell,MQ,subcell__clip01_jpegxl_lossy_mq_raw,robustmad_all__prune0.9__tvn_efaar_e0.05_c96,0.3893187117158132,0.0607065567569994,0.023634198469337904
SubCell,MQ,subcell__clip01_jpegxl_lossy_mq_raw,robustmad_all__prune0.9__tvn_efaar_e0.1,0.4309338296830778,0.0600983330784048,0.025898404831046176
SubCell,MQ,subcell__clip01_jpegxl_lossy_mq_raw,robustmad_all__prune0.9__tvn_efaar_e0.1_c96,0.372842324315156,0.0598699114187636,0.02232203692991432
SubCell,MQ,subcell__clip01_jpegxl_lossy_mq_raw,robustmad_all__prune0.9__tvn_efaar_e0.2,0.4044522385884784,0.0595213013252896,0.024073523564712745
SubCell,MQ,subcell__clip01_jpegxl_lossy_mq_raw,robustmad_all__prune0.9__tvn_efaar_e0.2_c96,0.3558818654695964,0.0580345918630124,0.02065345881397551
SubCell,MQ,subcell__clip01_jpegxl_lossy_mq_raw,robustmad_all__tvn_efaar_e0.05,0.4631488528907396,0.0621133799796154,0.028767740686725503
SubCell,MQ,subcell__clip01_jpegxl_lossy_mq_raw,robustmad_all__tvn_efaar_e0.05_c96,0.3893187117158132,0.0607065567569994,0.023634198469337904
SubCell,MQ,subcell__clip01_jpegxl_lossy_mq_raw,robustmad_all__tvn_efaar_e0.1,0.4309338296830778,0.0600983330784048,0.025898404831046176
SubCell,MQ,subcell__clip01_jpegxl_lossy_mq_raw,robustmad_all__tvn_efaar_e0.1_c96,0.372842324315156,0.0598699114187636,0.02232203692991432
SubCell,MQ,subcell__clip01_jpegxl_lossy_mq_raw,robustmad_all__tvn_efaar_e0.2,0.4044522385884784,0.0595213013252896,0.024073523564712745
SubCell,MQ,subcell__clip01_jpegxl_lossy_mq_raw,robustmad_all__tvn_efaar_e0.2_c96,0.3558818654695964,0.0580345918630124,0.02065345881397551
SubCell,MQ,subcell__clip01_jpegxl_lossy_mq_raw,robustmad_ctrl__prune0.9__tvn_efaar_e0.05,0.4505317221572089,0.0588102282997315,0.026495873436336657
SubCell,MQ,subcell__clip01_jpegxl_lossy_mq_raw,robustmad_ctrl__prune0.9__tvn_efaar_e0.05_c96,0.3849400481539496,0.0572875277096132,0.022052263675159226
SubCell,MQ,subcell__clip01_jpegxl_lossy_mq_raw,robustmad_ctrl__prune0.9__tvn_efaar_e0.1,0.4173892629469425,0.0557362384180965,0.02326370747276436
SubCell,MQ,subcell__clip01_jpegxl_lossy_mq_raw,robustmad_ctrl__prune0.9__tvn_efaar_e0.1_c96,0.3634291919022654,0.0560379196445094,0.02036581585228814
SubCell,MQ,subcell__clip01_jpegxl_lossy_mq_raw,robustmad_ctrl__prune0.9__tvn_efaar_e0.2,0.3853209002462785,0.0540091851190172,0.020810867831627618
SubCell,MQ,subcell__clip01_jpegxl_lossy_mq_raw,robustmad_ctrl__prune0.9__tvn_efaar_e0.2_c96,0.3440893446476368,0.0534492027560908,0.018391301148281948
SubCell,MQ,subcell__clip01_jpegxl_lossy_mq_raw,robustmad_ctrl__tvn_efaar_e0.05,0.4505317221572089,0.0588102282997315,0.026495873436336657
SubCell,MQ,subcell__clip01_jpegxl_lossy_mq_raw,robustmad_ctrl__tvn_efaar_e0.05_c96,0.3849379339989637,0.057312457679213,0.022061739051439294
SubCell,MQ,subcell__clip01_jpegxl_lossy_mq_raw,robustmad_ctrl__tvn_efaar_e0.1,0.4173325272406079,0.0557378563171287,0.0232612204398012
SubCell,MQ,subcell__clip01_jpegxl_lossy_mq_raw,robustmad_ctrl__tvn_efaar_e0.1_c96,0.3634300696978077,0.0560372498056404,0.020365621602537354
SubCell,MQ,subcell__clip01_jpegxl_lossy_mq_raw,robustmad_ctrl__tvn_efaar_e0.2,0.3853209002462785,0.0540091851190172,0.020810867831627618
SubCell,MQ,subcell__clip01_jpegxl_lossy_mq_raw,robustmad_ctrl__tvn_efaar_e0.2_c96,0.3440893446476368,0.0534492027560908,0.018391301148281948
SubCell,MQ,subcell__clip01_jpegxl_lossy_mq_raw,std_all__prune0.9__tvn_efaar_e0.05,0.4650738115161292,0.0569251670283255,0.026474404401055626
SubCell,MQ,subcell__clip01_jpegxl_lossy_mq_raw,std_all__prune0.9__tvn_efaar_e0.05_c96,0.3971392263244557,0.0633553695528476,0.025160902447717872
SubCell,MQ,subcell__clip01_jpegxl_lossy_mq_raw,std_all__prune0.9__tvn_efaar_e0.1,0.4325301100153818,0.059227498749192,0.0256176765499239
SubCell,MQ,subcell__clip01_jpegxl_lossy_mq_raw,std_all__prune0.9__tvn_efaar_e0.1_c96,0.3798586975274339,0.0592765559677979,0.022516715343839748
SubCell,MQ,subcell__clip01_jpegxl_lossy_mq_raw,std_all__prune0.9__tvn_efaar_e0.2,0.4043601666482182,0.0597379576053152,0.02415565049250945
SubCell,MQ,subcell__clip01_jpegxl_lossy_mq_raw,std_all__prune0.9__tvn_efaar_e0.2_c96,0.3657231451572614,0.0597126212305089,0.021838287642005974
SubCell,MQ,subcell__clip01_jpegxl_lossy_mq_raw,std_all__tvn_efaar_e0.05,0.4650738115161292,0.0569251670283255,0.026474404401055626
SubCell,MQ,subcell__clip01_jpegxl_lossy_mq_raw,std_all__tvn_efaar_e0.05_c96,0.3971392263244557,0.0633553695528476,0.025160902447717872
SubCell,MQ,subcell__clip01_jpegxl_lossy_mq_raw,std_all__tvn_efaar_e0.1,0.4325301100153818,0.059227498749192,0.0256176765499239
SubCell,MQ,subcell__clip01_jpegxl_lossy_mq_raw,std_all__tvn_efaar_e0.1_c96,0.3798586975274339,0.0592765559677979,0.022516715343839748
SubCell,MQ,subcell__clip01_jpegxl_lossy_mq_raw,std_all__tvn_efaar_e0.2,0.4043601666482182,0.0597379576053152,0.02415565049250945
SubCell,MQ,subcell__clip01_jpegxl_lossy_mq_raw,std_all__tvn_efaar_e0.2_c96,0.3657231451572614,0.0597126212305089,0.021838287642005974
SubCell,MQ,subcell__clip01_jpegxl_lossy_mq_raw,std_ctrl__prune0.9__tvn_efaar_e0.05,0.4427529493289656,0.0562560686062273,0.024907540293059766
SubCell,MQ,subcell__clip01_jpegxl_lossy_mq_raw,std_ctrl__prune0.9__tvn_efaar_e0.05_c96,0.3874034051586286,0.0522088515669481,0.020225886876457096
SubCell,MQ,subcell__clip01_jpegxl_lossy_mq_raw,std_ctrl__prune0.9__tvn_efaar_e0.1,0.4121291443530462,0.0556863500805713,0.022949967810850038
SubCell,MQ,subcell__clip01_jpegxl_lossy_mq_raw,std_ctrl__prune0.9__tvn_efaar_e0.1_c96,0.3639668729166738,0.0500404010585952,0.018213048292793108
SubCell,MQ,subcell__clip01_jpegxl_lossy_mq_raw,std_ctrl__prune0.9__tvn_efaar_e0.2,0.3830541526681985,0.0503884811234189,0.01930151694096874
SubCell,MQ,subcell__clip01_jpegxl_lossy_mq_raw,std_ctrl__prune0.9__tvn_efaar_e0.2_c96,0.3454172451772083,0.0477543968504174,0.01649519220517033
SubCell,MQ,subcell__clip01_jpegxl_lossy_mq_raw,std_ctrl__tvn_efaar_e0.05,0.4427529493289656,0.0562560686062273,0.024907540293059766
SubCell,MQ,subcell__clip01_jpegxl_lossy_mq_raw,std_ctrl__tvn_efaar_e0.05_c96,0.3874034051586286,0.0522088515669481,0.020225886876457096
SubCell,MQ,subcell__clip01_jpegxl_lossy_mq_raw,std_ctrl__tvn_efaar_e0.1,0.4121291443530462,0.0556863500805713,0.022949967810850038
SubCell,MQ,subcell__clip01_jpegxl_lossy_mq_raw,std_ctrl__tvn_efaar_e0.1_c96,0.3639668729166738,0.0500404010585952,0.018213048292793108
SubCell,MQ,subcell__clip01_jpegxl_lossy_mq_raw,std_ctrl__tvn_efaar_e0.2,0.3830541526681985,0.0503884811234189,0.01930151694096874
SubCell,MQ,subcell__clip01_jpegxl_lossy_mq_raw,std_ctrl__tvn_efaar_e0.2_c96,0.3454172451772083,0.0477543968504174,0.01649519220517033
cp_measure,D2-E8,jpegxl_lossy_d2_e8_raw,robustmad_all__outlier100__INT__prune0.95__tvn_efaar_e0.05,0.4378403930036146,0.0720773881074292,0.031558391935630856
cp_measure,D2-E8,jpegxl_lossy_d2_e8_raw,robustmad_all__outlier100__INT__prune0.95__tvn_efaar_e0.05_c96,0.3536597002865548,0.0687210536404394,0.024303867233854054
cp_measure,D2-E8,jpegxl_lossy_d2_e8_raw,robustmad_all__outlier100__INT__prune0.95__tvn_efaar_e0.1,0.4019233004281524,0.0757238598321294,0.030435183664888246
cp_measure,D2-E8,jpegxl_lossy_d2_e8_raw,robustmad_all__outlier100__INT__prune0.95__tvn_efaar_e0.1_c96,0.3277056915132463,0.0695707346571645,0.022798725709910664
cp_measure,D2-E8,jpegxl_lossy_d2_e8_raw,robustmad_all__outlier100__INT__prune0.95__tvn_efaar_e0.2,0.3659863118786103,0.0757905248649263,0.027738294670658484
cp_measure,D2-E8,jpegxl_lossy_d2_e8_raw,robustmad_all__outlier100__INT__prune0.95__tvn_efaar_e0.2_c96,0.306816384723217,0.0720878086773897,0.02211772084101566
cp_measure,D2-E8,jpegxl_lossy_d2_e8_raw,robustmad_all__outlier100__INT__prune0.9__tvn_efaar_e0.05,0.4284932340631336,0.0659490328082108,0.028258714351325945
cp_measure,D2-E8,jpegxl_lossy_d2_e8_raw,robustmad_all__outlier100__INT__prune0.9__tvn_efaar_e0.05_c96,0.3452556923772981,0.0594042929097138,0.02050967027872706
cp_measure,D2-E8,jpegxl_lossy_d2_e8_raw,robustmad_all__outlier100__INT__prune0.9__tvn_efaar_e0.1,0.3892240400701885,0.0689265109924255,0.026827855076414112
cp_measure,D2-E8,jpegxl_lossy_d2_e8_raw,robustmad_all__outlier100__INT__prune0.9__tvn_efaar_e0.1_c96,0.3202222644453965,0.0684807277625158,0.02192905371498154
cp_measure,D2-E8,jpegxl_lossy_d2_e8_raw,robustmad_all__outlier100__INT__prune0.9__tvn_efaar_e0.2,0.3523128343291204,0.0709387885317152,0.024992645651482685
cp_measure,D2-E8,jpegxl_lossy_d2_e8_raw,robustmad_all__outlier100__INT__prune0.9__tvn_efaar_e0.2_c96,0.2997314517119908,0.0716524146004119,0.021476482246850902
cp_measure,D2-E8,jpegxl_lossy_d2_e8_raw,robustmad_ctrl__outlier100__INT__prune0.95__tvn_efaar_e0.05,0.4310539457383081,0.0899522332146437,0.038774265055144655
cp_measure,D2-E8,jpegxl_lossy_d2_e8_raw,robustmad_ctrl__outlier100__INT__prune0.95__tvn_efaar_e0.05_c96,0.3629961441151514,0.0906075736135349,0.032890199849342903
cp_measure,D2-E8,jpegxl_lossy_d2_e8_raw,robustmad_ctrl__outlier100__INT__prune0.95__tvn_efaar_e0.1,0.3898177479544423,0.0885796331171234,0.03452991309634778
cp_measure,D2-E8,jpegxl_lossy_d2_e8_raw,robustmad_ctrl__outlier100__INT__prune0.95__tvn_efaar_e0.1_c96,0.3336077497591783,0.088750614557865,0.02960789281239351
cp_measure,D2-E8,jpegxl_lossy_d2_e8_raw,robustmad_ctrl__outlier100__INT__prune0.95__tvn_efaar_e0.2,0.3528309113555373,0.0892549517800959,0.031491905979565776
cp_measure,D2-E8,jpegxl_lossy_d2_e8_raw,robustmad_ctrl__outlier100__INT__prune0.95__tvn_efaar_e0.2_c96,0.3156396719840508,0.0868840393728953,0.027424049688310026
cp_measure,D2-E8,jpegxl_lossy_d2_e8_raw,robustmad_ctrl__outlier100__INT__prune0.9__tvn_efaar_e0.05,0.4250297229030097,0.0819226052784964,0.03481954222101197
cp_measure,D2-E8,jpegxl_lossy_d2_e8_raw,robustmad_ctrl__outlier100__INT__prune0.9__tvn_efaar_e0.05_c96,0.3611829916174185,0.1070282899791049,0.038656797962349686
cp_measure,D2-E8,jpegxl_lossy_d2_e8_raw,robustmad_ctrl__outlier100__INT__prune0.9__tvn_efaar_e0.1,0.3858315813567975,0.0778824637312667,0.03004951414139806
cp_measure,D2-E8,jpegxl_lossy_d2_e8_raw,robustmad_ctrl__outlier100__INT__prune0.9__tvn_efaar_e0.1_c96,0.3332168951546755,0.0963719457768522,0.03211276055177743
cp_measure,D2-E8,jpegxl_lossy_d2_e8_raw,robustmad_ctrl__outlier100__INT__prune0.9__tvn_efaar_e0.2,0.3500508206633819,0.0823783138735245,0.02883659637629291
cp_measure,D2-E8,jpegxl_lossy_d2_e8_raw,robustmad_ctrl__outlier100__INT__prune0.9__tvn_efaar_e0.2_c96,0.3119066913857126,0.0941962708188279,0.029380447171973162
cp_measure,D2-E8,jpegxl_lossy_d2_e8_raw,std_all__outlier100__INT__prune0.95__tvn_efaar_e0.05,0.4334629909092131,0.0688396965420937,0.029839460756418548
cp_measure,D2-E8,jpegxl_lossy_d2_e8_raw,std_all__outlier100__INT__prune0.95__tvn_efaar_e0.05_c96,0.3616157977808645,0.1041929362084535,0.037677811750150635
cp_measure,D2-E8,jpegxl_lossy_d2_e8_raw,std_all__outlier100__INT__prune0.95__tvn_efaar_e0.1,0.3979495780623925,0.0717575287116223,0.028555878273590112
cp_measure,D2-E8,jpegxl_lossy_d2_e8_raw,std_all__outlier100__INT__prune0.95__tvn_efaar_e0.1_c96,0.3435493265146541,0.1070098080598218,0.03676314748941418
cp_measure,D2-E8,jpegxl_lossy_d2_e8_raw,std_all__outlier100__INT__prune0.95__tvn_efaar_e0.2,0.3620419490750356,0.07099212442369,0.02570212709533017
cp_measure,D2-E8,jpegxl_lossy_d2_e8_raw,std_all__outlier100__INT__prune0.95__tvn_efaar_e0.2_c96,0.3241716020287641,0.0981634805956623,0.03182181276541535
cp_measure,D2-E8,jpegxl_lossy_d2_e8_raw,std_all__outlier100__INT__prune0.9__tvn_efaar_e0.05,0.4276077414152398,0.0814334600413725,0.034821577923919475
cp_measure,D2-E8,jpegxl_lossy_d2_e8_raw,std_all__outlier100__INT__prune0.9__tvn_efaar_e0.05_c96,0.3407006712277035,0.0700067447610449,0.023851344930554512
cp_measure,D2-E8,jpegxl_lossy_d2_e8_raw,std_all__outlier100__INT__prune0.9__tvn_efaar_e0.1,0.3954093025709422,0.0799962670348,0.03163126815650912
cp_measure,D2-E8,jpegxl_lossy_d2_e8_raw,std_all__outlier100__INT__prune0.9__tvn_efaar_e0.1_c96,0.3187653024383551,0.0786143080631262,0.025059513685724445
cp_measure,D2-E8,jpegxl_lossy_d2_e8_raw,std_all__outlier100__INT__prune0.9__tvn_efaar_e0.2,0.3592126882719485,0.0775339360330844,0.02785117359474954
cp_measure,D2-E8,jpegxl_lossy_d2_e8_raw,std_all__outlier100__INT__prune0.9__tvn_efaar_e0.2_c96,0.3037331612320718,0.078543263489651,0.023856193713195264
cp_measure,D2-E8,jpegxl_lossy_d2_e8_raw,std_ctrl__outlier100__INT__prune0.95__tvn_efaar_e0.05,0.4376476578662382,0.0784571149059205,0.03433657258151843
cp_measure,D2-E8,jpegxl_lossy_d2_e8_raw,std_ctrl__outlier100__INT__prune0.95__tvn_efaar_e0.05_c96,0.3632227252522759,0.0758820550273756,0.02756208682478653
cp_measure,D2-E8,jpegxl_lossy_d2_e8_raw,std_ctrl__outlier100__INT__prune0.95__tvn_efaar_e0.1,0.4008340080603388,0.0826080347387144,0.0331121096623066
cp_measure,D2-E8,jpegxl_lossy_d2_e8_raw,std_ctrl__outlier100__INT__prune0.95__tvn_efaar_e0.1_c96,0.337680153322451,0.0744358489520408,0.025135508886811944
cp_measure,D2-E8,jpegxl_lossy_d2_e8_raw,std_ctrl__outlier100__INT__prune0.95__tvn_efaar_e0.2,0.3650852988555783,0.0850373489486036,0.03104588595478704
cp_measure,D2-E8,jpegxl_lossy_d2_e8_raw,std_ctrl__outlier100__INT__prune0.95__tvn_efaar_e0.2_c96,0.315875207609384,0.0749176835627469,0.023664638848996812
cp_measure,D2-E8,jpegxl_lossy_d2_e8_raw,std_ctrl__outlier100__INT__prune0.9__tvn_efaar_e0.05,0.4255672988736476,0.0868117200467685,0.03694422921087855
cp_measure,D2-E8,jpegxl_lossy_d2_e8_raw,std_ctrl__outlier100__INT__prune0.9__tvn_efaar_e0.05_c96,0.3560032634809137,0.0792672447819098,0.028219397829500316
cp_measure,D2-E8,jpegxl_lossy_d2_e8_raw,std_ctrl__outlier100__INT__prune0.9__tvn_efaar_e0.1,0.3886045159782617,0.0924625468920902,0.03593136328111803
cp_measure,D2-E8,jpegxl_lossy_d2_e8_raw,std_ctrl__outlier100__INT__prune0.9__tvn_efaar_e0.1_c96,0.3309932644386688,0.0824355386828286,0.027285608054389596
cp_measure,D2-E8,jpegxl_lossy_d2_e8_raw,std_ctrl__outlier100__INT__prune0.9__tvn_efaar_e0.2,0.3532636966196172,0.0922041412699617,0.03257237578866407
cp_measure,D2-E8,jpegxl_lossy_d2_e8_raw,std_ctrl__outlier100__INT__prune0.9__tvn_efaar_e0.2_c96,0.3097355884213544,0.0814475780906498,0.02522721352540163
cp_measure,MQ,jpegxl_lossy_mq_raw,robustmad_all__outlier100__INT__prune0.95__tvn_efaar_e0.05,0.4503893347043073,0.0798667991547227,0.035971154536258085
cp_measure,MQ,jpegxl_lossy_mq_raw,robustmad_all__outlier100__INT__prune0.95__tvn_efaar_e0.05_c96,0.3508055613039095,0.0723122656720615,0.025367544948244964
cp_measure,MQ,jpegxl_lossy_mq_raw,robustmad_all__outlier100__INT__prune0.95__tvn_efaar_e0.1,0.4129074893839677,0.0793087912509561,0.03274719388150947
cp_measure,MQ,jpegxl_lossy_mq_raw,robustmad_all__outlier100__INT__prune0.95__tvn_efaar_e0.1_c96,0.3273727193902906,0.076384236879648,0.025006115345842492
cp_measure,MQ,jpegxl_lossy_mq_raw,robustmad_all__outlier100__INT__prune0.95__tvn_efaar_e0.2,0.3749521393944288,0.0801396753219879,0.030048542712354274
cp_measure,MQ,jpegxl_lossy_mq_raw,robustmad_all__outlier100__INT__prune0.95__tvn_efaar_e0.2_c96,0.3098153116871625,0.0799565856475545,0.0247717745038384
cp_measure,MQ,jpegxl_lossy_mq_raw,robustmad_all__outlier100__INT__prune0.9__tvn_efaar_e0.05,0.4474463939307057,0.0756540076803828,0.0338511129229932
cp_measure,MQ,jpegxl_lossy_mq_raw,robustmad_all__outlier100__INT__prune0.9__tvn_efaar_e0.05_c96,0.3469641349364354,0.0647826736455567,0.022477264320299995
cp_measure,MQ,jpegxl_lossy_mq_raw,robustmad_all__outlier100__INT__prune0.9__tvn_efaar_e0.1,0.4075799792455001,0.0759627787659185,0.03096090779284358
cp_measure,MQ,jpegxl_lossy_mq_raw,robustmad_all__outlier100__INT__prune0.9__tvn_efaar_e0.1_c96,0.3220864813969044,0.0659324680760853,0.02123595665244004
cp_measure,MQ,jpegxl_lossy_mq_raw,robustmad_all__outlier100__INT__prune0.9__tvn_efaar_e0.2,0.368964948735411,0.0752690407567254,0.02777163776416875
cp_measure,MQ,jpegxl_lossy_mq_raw,robustmad_all__outlier100__INT__prune0.9__tvn_efaar_e0.2_c96,0.3028156073401144,0.0654624459737382,0.01982305033550696
cp_measure,MQ,jpegxl_lossy_mq_raw,robustmad_ctrl__outlier100__INT__prune0.95__tvn_efaar_e0.05,0.449022764874556,0.0786046462575022,0.03529527559453006
cp_measure,MQ,jpegxl_lossy_mq_raw,robustmad_ctrl__outlier100__INT__prune0.95__tvn_efaar_e0.05_c96,0.3636444125645975,0.0743179801285034,0.027025318226817047
cp_measure,MQ,jpegxl_lossy_mq_raw,robustmad_ctrl__outlier100__INT__prune0.95__tvn_efaar_e0.1,0.4145167657030731,0.0793640420877114,0.0328977260393207
cp_measure,MQ,jpegxl_lossy_mq_raw,robustmad_ctrl__outlier100__INT__prune0.95__tvn_efaar_e0.1_c96,0.3384589206286498,0.0783144911820117,0.026506238155045592
cp_measure,MQ,jpegxl_lossy_mq_raw,robustmad_ctrl__outlier100__INT__prune0.95__tvn_efaar_e0.2,0.3771799383761819,0.0812586935743329,0.03064914903489593
cp_measure,MQ,jpegxl_lossy_mq_raw,robustmad_ctrl__outlier100__INT__prune0.95__tvn_efaar_e0.2_c96,0.317342061398791,0.0796884097591333,0.025288484222554895
cp_measure,MQ,jpegxl_lossy_mq_raw,robustmad_ctrl__outlier100__INT__prune0.9__tvn_efaar_e0.05,0.4424426159320896,0.0883242660994299,0.03907841934331374
cp_measure,MQ,jpegxl_lossy_mq_raw,robustmad_ctrl__outlier100__INT__prune0.9__tvn_efaar_e0.05_c96,0.3506844481563981,0.0825632503552239,0.02895364788882023
cp_measure,MQ,jpegxl_lossy_mq_raw,robustmad_ctrl__outlier100__INT__prune0.9__tvn_efaar_e0.1,0.4032206677629587,0.0844049434615512,0.034033817665061444
cp_measure,MQ,jpegxl_lossy_mq_raw,robustmad_ctrl__outlier100__INT__prune0.9__tvn_efaar_e0.1_c96,0.3268847593055483,0.081473648932577,0.02663249412107017
cp_measure,MQ,jpegxl_lossy_mq_raw,robustmad_ctrl__outlier100__INT__prune0.9__tvn_efaar_e0.2,0.3631547326512599,0.0849066149492961,0.030834239052235094
cp_measure,MQ,jpegxl_lossy_mq_raw,robustmad_ctrl__outlier100__INT__prune0.9__tvn_efaar_e0.2_c96,0.3040790790457447,0.0815116335833772,0.02478598247154753
cp_measure,MQ,jpegxl_lossy_mq_raw,std_all__outlier100__INT__prune0.95__tvn_efaar_e0.05,0.447933598747899,0.0846451034593147,0.037915385808919067
cp_measure,MQ,jpegxl_lossy_mq_raw,std_all__outlier100__INT__prune0.95__tvn_efaar_e0.05_c96,0.3565403359349955,0.0809584327601668,0.028864946813080616
cp_measure,MQ,jpegxl_lossy_mq_raw,std_all__outlier100__INT__prune0.95__tvn_efaar_e0.1,0.4153747551043462,0.0839034623337984,0.034851380119308245
cp_measure,MQ,jpegxl_lossy_mq_raw,std_all__outlier100__INT__prune0.95__tvn_efaar_e0.1_c96,0.3393683512119933,0.081651406624055,0.027709903240145575
cp_measure,MQ,jpegxl_lossy_mq_raw,std_all__outlier100__INT__prune0.95__tvn_efaar_e0.2,0.3831655497189217,0.0812263711812952,0.031123147165354158
cp_measure,MQ,jpegxl_lossy_mq_raw,std_all__outlier100__INT__prune0.95__tvn_efaar_e0.2_c96,0.3206090609702649,0.0811146985975763,0.026006107348255005
cp_measure,MQ,jpegxl_lossy_mq_raw,std_all__outlier100__INT__prune0.9__tvn_efaar_e0.05,0.4452411832786852,0.0717161115642594,0.03193096637301706
cp_measure,MQ,jpegxl_lossy_mq_raw,std_all__outlier100__INT__prune0.9__tvn_efaar_e0.05_c96,0.3527638119062263,0.0700854931016159,0.024723625705853552
cp_measure,MQ,jpegxl_lossy_mq_raw,std_all__outlier100__INT__prune0.9__tvn_efaar_e0.1,0.4130693007764048,0.0735365791589978,0.030375703334695966
cp_measure,MQ,jpegxl_lossy_mq_raw,std_all__outlier100__INT__prune0.9__tvn_efaar_e0.1_c96,0.3336304599217533,0.0808011597986843,0.026957728105846124
cp_measure,MQ,jpegxl_lossy_mq_raw,std_all__outlier100__INT__prune0.9__tvn_efaar_e0.2,0.3781339435313564,0.0801126336651108,0.03029330609447125
cp_measure,MQ,jpegxl_lossy_mq_raw,std_all__outlier100__INT__prune0.9__tvn_efaar_e0.2_c96,0.317593647544406,0.0823778576453754,0.026162684286488606
cp_measure,MQ,jpegxl_lossy_mq_raw,std_ctrl__outlier100__INT__prune0.95__tvn_efaar_e0.05,0.4631786867307924,0.0832170140837873,0.038544347296986456
cp_measure,MQ,jpegxl_lossy_mq_raw,std_ctrl__outlier100__INT__prune0.95__tvn_efaar_e0.05_c96,0.3651637725424048,0.0722473808477905,0.026382126146687064
cp_measure,MQ,jpegxl_lossy_mq_raw,std_ctrl__outlier100__INT__prune0.95__tvn_efaar_e0.1,0.4231055193338486,0.0826999652684187,0.03499081175378554
cp_measure,MQ,jpegxl_lossy_mq_raw,std_ctrl__outlier100__INT__prune0.95__tvn_efaar_e0.1_c96,0.3409144033120642,0.0741650957022655,0.025283949347919978
cp_measure,MQ,jpegxl_lossy_mq_raw,std_ctrl__outlier100__INT__prune0.95__tvn_efaar_e0.2,0.3834912572498709,0.0837101678878573,0.032102117527912165
cp_measure,MQ,jpegxl_lossy_mq_raw,std_ctrl__outlier100__INT__prune0.95__tvn_efaar_e0.2_c96,0.3189387504099714,0.0778162425897478,0.02481861517317336
cp_measure,MQ,jpegxl_lossy_mq_raw,std_ctrl__outlier100__INT__prune0.9__tvn_efaar_e0.05,0.4589970651276163,0.083215416340251,0.03819563187354789
cp_measure,MQ,jpegxl_lossy_mq_raw,std_ctrl__outlier100__INT__prune0.9__tvn_efaar_e0.05_c96,0.3563561717557488,0.0776898629306358,0.027685262138190232
cp_measure,MQ,jpegxl_lossy_mq_raw,std_ctrl__outlier100__INT__prune0.9__tvn_efaar_e0.1,0.4171760322445518,0.0845849538366971,0.03528681542918188
cp_measure,MQ,jpegxl_lossy_mq_raw,std_ctrl__outlier100__INT__prune0.9__tvn_efaar_e0.1_c96,0.3264413780500239,0.0788814002198179,0.025750152990272814
cp_measure,MQ,jpegxl_lossy_mq_raw,std_ctrl__outlier100__INT__prune0.9__tvn_efaar_e0.2,0.3730373122357574,0.0856153909321716,0.031937735319350936
cp_measure,MQ,jpegxl_lossy_mq_raw,std_ctrl__outlier100__INT__prune0.9__tvn_efaar_e0.2_c96,0.3041435000215348,0.0801177296415825,0.024367286706969964
